compound_name,reward_raw,reward_normalized
Ce-Ge-Ag,3623.934957031092,0.3623934957031092
Ce-Ge-Au,4121.01945719505,0.412101945719505
Ce-Ge-Cd,3331.7042705344766,0.3331704270534477
Ce-Ge-Co,2549.721636212271,0.2549721636212271
Ce-Ge-Cr,1870.0764552290311,0.1870076455229031
Ce-Ge-Cu,3821.3339557881927,0.38213339557881926
Ce-Ge-Fe,2619.73634076447,0.26197363407644697
Ce-Ge-Hf,1584.261292011245,0.15842612920112448
Ce-Ge-Hg,3865.484581472506,0.3865484581472506
Ce-Ge-Ir,3190.0941616292407,0.31900941616292405
Ce-Ge-Mn,3674.7066389936604,0.36747066389936606
Ce-Ge-Mo,5693.299650169038,0.5693299650169038
Ce-Ge-Nb,4261.567641217225,0.42615676412172254
Ce-Ge-Ni,3058.1495726244025,0.30581495726244023
Ce-Ge-Os,2849.4074077612486,0.28494074077612486
Ce-Ge-Pd,2308.2562914281325,0.23082562914281324
Ce-Ge-Pt,6149.297699054057,0.6149297699054057
Ce-Ge-Re,3041.0045456031685,0.30410045456031687
Ce-Ge-Rh,2381.2570363657524,0.23812570363657523
Ce-Ge-Ru,3144.7473413727776,0.3144747341372778
Ce-Ge-Ta,2813.357748188085,0.2813357748188085
Ce-Ge-Tc,4276.268572258021,0.42762685722580207
Ce-Ge-Ti,4012.8522649864176,0.40128522649864173
Ce-Ge-V,4507.299653613398,0.4507299653613398
Ce-Ge-W,2738.0807268945073,0.27380807268945073
Ce-Ge-Zn,3400.2465398679924,0.34002465398679926
Ce-Ge-Zr,3115.5446416955406,0.31155446416955407
Ce-Pb-Ag,2907.0386591400998,0.29070386591401
Ce-Pb-Au,4188.669749902242,0.4188669749902242
Ce-Pb-Cd,2472.461700680048,0.2472461700680048
Ce-Pb-Co,3615.7913310739714,0.36157913310739714
Ce-Pb-Cr,2683.1329206131504,0.26831329206131505
Ce-Pb-Cu,2842.1643020355423,0.28421643020355425
Ce-Pb-Fe,3678.7758689230823,0.3678775868923082
Ce-Pb-Hf,4266.305208153033,0.42663052081530334
Ce-Pb-Hg,4270.031136906563,0.4270031136906563
Ce-Pb-Ir,2932.124518230915,0.29321245182309147
Ce-Pb-Mn,2148.20519625635,0.214820519625635
Ce-Pb-Mo,2834.496085141714,0.2834496085141714
Ce-Pb-Nb,2761.482857593954,0.27614828575939543
Ce-Pb-Ni,3724.874424626372,0.3724874424626372
Ce-Pb-Os,4342.123504017452,0.4342123504017452
Ce-Pb-Pd,3081.6215780722673,0.3081621578072267
Ce-Pb-Pt,3535.8227506754497,0.35358227506754497
Ce-Pb-Re,2701.672140460545,0.2701672140460545
Ce-Pb-Rh,4369.558659148463,0.43695586591484636
Ce-Pb-Ru,3769.6654458908515,0.37696654458908513
Ce-Pb-Ta,5061.859290986812,0.5061859290986812
Ce-Pb-Tc,3197.6596974121817,0.3197659697412182
Ce-Pb-Ti,3615.7460633828223,0.36157460633828226
Ce-Pb-V,4585.777488472628,0.45857774884726277
Ce-Pb-W,1389.566136999469,0.1389566136999469
Ce-Pb-Zn,2979.194557320585,0.29791945573205847
Ce-Pb-Zr,3198.0363757089463,0.31980363757089464
Ce-Si-Ag,4170.240999928114,0.4170240999928114
Ce-Si-Au,5076.457498940297,0.5076457498940298
Ce-Si-Cd,3758.3434650807753,0.3758343465080775
Ce-Si-Co,3396.5765840291037,0.3396576584029104
Ce-Si-Cr,4216.968840260882,0.4216968840260882
Ce-Si-Cu,3581.894082160024,0.3581894082160024
Ce-Si-Fe,4258.1295123937,0.42581295123936996
Ce-Si-Hf,4376.419868154474,0.4376419868154474
Ce-Si-Hg,3745.890016723042,0.37458900167230424
Ce-Si-Ir,4783.894596272605,0.4783894596272605
Ce-Si-Mn,5155.807515935552,0.5155807515935552
Ce-Si-Mo,3824.3953978384166,0.38243953978384165
Ce-Si-Nb,3789.060419578255,0.37890604195782546
Ce-Si-Ni,3765.56434161805,0.376556434161805
Ce-Si-Os,3397.5835961404114,0.33975835961404116
Ce-Si-Pd,2779.3888368292855,0.2779388836829286
Ce-Si-Pt,4660.810338661044,0.4660810338661044
Ce-Si-Re,2999.499078906108,0.2999499078906108
Ce-Si-Rh,2035.224401947432,0.2035224401947432
Ce-Si-Ru,3367.855664309534,0.3367855664309534
Ce-Si-Ta,3924.909783650372,0.3924909783650372
Ce-Si-Tc,2872.1067800781075,0.28721067800781075
Ce-Si-Ti,2298.8895867688416,0.22988895867688416
Ce-Si-V,2538.3792033277614,0.25383792033277613
Ce-Si-W,5030.945693027442,0.5030945693027442
Ce-Si-Zn,3726.195242591219,0.3726195242591219
Ce-Si-Zr,2966.6461388641387,0.29666461388641385
Ce-Sn-Ag,2673.381917549059,0.2673381917549059
Ce-Sn-Au,4083.736295259105,0.4083736295259105
Ce-Sn-Cd,4575.1897697397635,0.45751897697397637
Ce-Sn-Co,3240.9814985002367,0.32409814985002366
Ce-Sn-Cr,1768.2944186496104,0.17682944186496105
Ce-Sn-Cu,2832.1876796826004,0.28321876796826007
Ce-Sn-Fe,3210.862108188643,0.3210862108188643
Ce-Sn-Hf,3093.901134341551,0.30939011343415507
Ce-Sn-Hg,4136.491475711257,0.41364914757112575
Ce-Sn-Ir,3196.243225219632,0.3196243225219632
Ce-Sn-Mn,2249.737885507474,0.2249737885507474
Ce-Sn-Mo,3203.1027919902917,0.32031027919902916
Ce-Sn-Nb,2565.1303734012613,0.25651303734012615
Ce-Sn-Ni,2458.9354934749895,0.24589354934749894
Ce-Sn-Os,4980.456167755353,0.49804561677553527
Ce-Sn-Pd,2691.545057572305,0.2691545057572305
Ce-Sn-Pt,4258.067686560762,0.4258067686560762
Ce-Sn-Re,3334.3459162282275,0.33343459162282274
Ce-Sn-Rh,2883.091654987638,0.2883091654987638
Ce-Sn-Ru,3915.372291386699,0.3915372291386699
Ce-Sn-Ta,1272.7146997881866,0.12727146997881866
Ce-Sn-Tc,8886.233734328787,0.8886233734328787
Ce-Sn-Ti,4087.7757330539134,0.40877757330539133
Ce-Sn-V,2576.78551786017,0.257678551786017
Ce-Sn-W,3253.511902191489,0.3253511902191489
Ce-Sn-Zn,2564.0963156857124,0.2564096315685712
Ce-Sn-Zr,4006.929647502019,0.40069296475020194
Dy-Ge-Ag,4166.009901172586,0.4166009901172586
Dy-Ge-Au,3207.3672953318573,0.3207367295331857
Dy-Ge-Cd,3343.742935498448,0.33437429354984477
Dy-Ge-Co,3765.7053446955647,0.37657053446955646
Dy-Ge-Cr,1671.1678363671747,0.16711678363671748
Dy-Ge-Cu,3584.8392387123217,0.3584839238712322
Dy-Ge-Fe,2481.759094854824,0.2481759094854824
Dy-Ge-Hf,4132.35428114709,0.413235428114709
Dy-Ge-Hg,1422.455471411196,0.1422455471411196
Dy-Ge-Ir,6517.4771225272925,0.6517477122527292
Dy-Ge-Mn,3056.2789108114007,0.3056278910811401
Dy-Ge-Mo,10629.075212099813,1.0629075212099812
Dy-Ge-Nb,4060.3269861715407,0.4060326986171541
Dy-Ge-Ni,3894.771434256764,0.3894771434256764
Dy-Ge-Os,4170.844612932346,0.41708446129323457
Dy-Ge-Pd,3531.651430607153,0.35316514306071534
Dy-Ge-Pt,5678.528563399466,0.5678528563399466
Dy-Ge-Re,3724.253091264892,0.37242530912648925
Dy-Ge-Rh,2138.9863283055524,0.21389863283055524
Dy-Ge-Ru,2375.986252925742,0.2375986252925742
Dy-Ge-Ta,5107.717993718924,0.5107717993718924
Dy-Ge-Tc,3440.3822269497186,0.34403822269497186
Dy-Ge-Ti,8033.322406676082,0.8033322406676082
Dy-Ge-V,8934.953861143482,0.8934953861143482
Dy-Ge-W,4601.320571174411,0.46013205711744115
Dy-Ge-Zn,4573.983043625938,0.4573983043625938
Dy-Ge-Zr,3980.7564232641157,0.39807564232641157
Dy-Pb-Ag,2228.6026724776193,0.22286026724776192
Dy-Pb-Cd,4829.192911355977,0.48291929113559773
Dy-Pb-Co,3402.9084317495376,0.3402908431749538
Dy-Pb-Cr,2773.4982452779795,0.27734982452779794
Dy-Pb-Cu,6367.142866357913,0.6367142866357912
Dy-Pb-Fe,3692.543429352001,0.3692543429352001
Dy-Pb-Hf,1719.2444186895323,0.17192444186895323
Dy-Pb-Ir_valence,4391.605810434337,0.43916058104343375
Dy-Pb-Mn,2890.3670590439683,0.28903670590439684
Dy-Pb-Mo,3640.9146421209352,0.36409146421209354
Dy-Pb-Nb,3627.3632223297823,0.36273632223297825
Dy-Pb-Ni,4007.4759213467446,0.4007475921346745
Dy-Pb-Os,4691.942914377156,0.46919429143771557
Dy-Pb-Pd,2530.102424078704,0.2530102424078704
Dy-Pb-Re,3808.8777022808945,0.38088777022808945
Dy-Pb-Rh_valence,15086.452177224412,1.5086452177224412
Dy-Pb-Ru,5766.223303188462,0.5766223303188461
Dy-Pb-Ta,3878.2384095833368,0.38782384095833367
Dy-Pb-Tc,5120.890228298713,0.5120890228298712
Dy-Pb-Ti,6224.134127974554,0.6224134127974554
Dy-Pb-V,5264.3105515127445,0.5264310551512744
Dy-Pb-W,5497.1392446992295,0.549713924469923
Dy-Pb-Zn,4260.181014990506,0.4260181014990506
Dy-Pb-Zr,3733.9983464040224,0.3733998346404022
Dy-Si-Ag,3300.377653772108,0.3300377653772108
Dy-Si-Au,1226.01736497058,0.12260173649705801
Dy-Si-Cd,2711.5042551079805,0.27115042551079804
Dy-Si-Co,4415.079764133102,0.4415079764133102
Dy-Si-Cr,4342.449652501343,0.4342449652501343
Dy-Si-Cu,4449.844790669732,0.4449844790669732
Dy-Si-Fe,1583.4711141317155,0.15834711141317154
Dy-Si-Hf,3506.3324498821157,0.3506332449882116
Dy-Si-Hg,3410.5382428792827,0.3410538242879283
Dy-Si-Ir,4024.1978576437723,0.4024197857643772
Dy-Si-Mn,4912.272104421018,0.4912272104421018
Dy-Si-Mo,6939.411708829196,0.6939411708829196
Dy-Si-Nb,6095.143615995551,0.6095143615995551
Dy-Si-Ni,4406.894499737771,0.4406894499737771
Dy-Si-Os,6593.02059396086,0.659302059396086
Dy-Si-Pd,3416.0529732196164,0.34160529732196165
Dy-Si-Pt,3971.24299638532,0.397124299638532
Dy-Si-Re,11576.98690062701,1.1576986900627009
Dy-Si-Rh,2532.770974452829,0.2532770974452829
Dy-Si-Ru,1837.2842577649642,0.18372842577649642
Dy-Si-Ta,3800.7552361982866,0.38007552361982866
Dy-Si-Tc,2107.311445043526,0.2107311445043526
Dy-Si-Ti,2550.933431724224,0.25509334317242244
Dy-Si-V,2852.099799402952,0.28520997994029523
Dy-Si-W,5247.344928108718,0.5247344928108718
Dy-Si-Zn,5239.194893223215,0.5239194893223216
Dy-Si-Zr_valence,2362.810372158612,0.23628103721586122
Dy-Sn-Ag,4886.847802658315,0.4886847802658315
Dy-Sn-Au_valence,3110.2394857405284,0.31102394857405286
Dy-Sn-Cd,4331.456937451114,0.43314569374511136
Dy-Sn-Co,2566.243514376434,0.2566243514376434
Dy-Sn-Cr,1705.7561754860428,0.17057561754860429
Dy-Sn-Cu,4247.760093794126,0.4247760093794126
Dy-Sn-Fe,3425.7634433427315,0.34257634433427314
Dy-Sn-Hf,4052.594054211644,0.4052594054211644
Dy-Sn-Hg_valence,1433.2066689877126,0.14332066689877127
Dy-Sn-Ir,5477.971185850476,0.5477971185850476
Dy-Sn-Mn,2329.6728463855284,0.23296728463855285
Dy-Sn-Mo,6288.696947179063,0.6288696947179062
Dy-Sn-Nb,3946.245248274548,0.3946245248274548
Dy-Sn-Ni,3967.5659771491732,0.39675659771491734
Dy-Sn-Os,6397.619297983121,0.6397619297983121
Dy-Sn-Pd,2276.220713607371,0.22762207136073712
Dy-Sn-Pt,7558.322109429051,0.7558322109429051
Dy-Sn-Re,3971.4502660460485,0.3971450266046048
Dy-Sn-Rh,2140.531029103218,0.21405310291032179
Dy-Sn-Ru,2966.424687214756,0.2966424687214756
Dy-Sn-Ta,8840.221368729388,0.8840221368729387
Dy-Sn-Tc,6648.491406373572,0.6648491406373572
Dy-Sn-Ti,6232.668597292532,0.6232668597292531
Dy-Sn-V,1943.6326687969915,0.19436326687969915
Dy-Sn-W,4731.434051371659,0.4731434051371659
Dy-Sn-Zn,3137.1642793313986,0.31371642793313986
Dy-Sn-Zr,4020.197021488978,0.4020197021488978
Er-Ge-Ag,3374.6998150012905,0.3374699815001291
Er-Ge-Au,2909.475938180876,0.2909475938180876
Er-Ge-Cd,3061.8903506834395,0.30618903506834394
Er-Ge-Co,3274.4840413135166,0.3274484041313517
Er-Ge-Cr_valence,1967.6078314531048,0.19676078314531048
Er-Ge-Cu,4981.295359890685,0.4981295359890685
Er-Ge-Fe,3783.3878006797327,0.3783387800679733
Er-Ge-Hf,6684.884571654262,0.6684884571654262
Er-Ge-Hg,3054.521424494738,0.3054521424494738
Er-Ge-Ir,5531.619404370752,0.5531619404370752
Er-Ge-Mn,3719.271390501882,0.3719271390501882
Er-Ge-Mo,2844.1359751858217,0.2844135975185822
Er-Ge-Nb,4815.676743472004,0.48156767434720044
Er-Ge-Ni,5103.777653880867,0.5103777653880867
Er-Ge-Os,3118.2335517901815,0.31182335517901816
Er-Ge-Pd,4138.249880235052,0.4138249880235052
Er-Ge-Pt,4270.448370498925,0.42704483704989255
Er-Ge-Re,5352.549092188264,0.5352549092188263
Er-Ge-Rh,3640.323522172883,0.3640323522172883
Er-Ge-Ru,1802.3132745830799,0.180231327458308
Er-Ge-Ta,4906.289171308412,0.49062891713084117
Er-Ge-Tc,2205.338177994823,0.2205338177994823
Er-Ge-Ti,4718.197571809876,0.47181975718098756
Er-Ge-V,2035.3353593322959,0.2035335359332296
Er-Ge-W,3287.0327003158336,0.32870327003158334
Er-Ge-Zn,2736.8118641451456,0.27368118641451455
Er-Ge-Zr,3939.445199012798,0.3939445199012798
Er-Pb-Ag,4784.445330208162,0.4784445330208162
Er-Pb-Au_valence,1572.9052981620503,0.15729052981620503
Er-Pb-Cd,3681.220959151473,0.3681220959151473
Er-Pb-Co,5138.144218636601,0.5138144218636601
Er-Pb-Cr,3532.9091579657056,0.35329091579657057
Er-Pb-Cu,3315.555476773935,0.3315555476773935
Er-Pb-Fe,3036.2079172701224,0.30362079172701223
Er-Pb-Hf,2916.0264579809955,0.2916026457980995
Er-Pb-Hg_valence,2524.192562850475,0.2524192562850475
Er-Pb-Ir,4235.592577863962,0.4235592577863962
Er-Pb-Mn,3707.6870049357776,0.37076870049357774
Er-Pb-Mo,5132.629877956404,0.5132629877956404
Er-Pb-Nb,3451.0993467531675,0.34510993467531675
Er-Pb-Ni,3877.5848276149986,0.3877584827614999
Er-Pb-Os,3376.5530354321068,0.33765530354321066
Er-Pb-Pd,2638.660190748736,0.2638660190748736
Er-Pb-Pt_valence,2296.1539995899225,0.22961539995899224
Er-Pb-Re,5947.254653495323,0.5947254653495323
Er-Pb-Rh,2549.418841879751,0.25494188418797514
Er-Pb-Ru,3513.952064640187,0.35139520646401873
Er-Pb-Ta,4227.8609169140045,0.42278609169140047
Er-Pb-Tc,3744.40068636627,0.374440068636627
Er-Pb-Ti,2528.26412158834,0.252826412158834
Er-Pb-V,2031.1661382967645,0.20311661382967644
Er-Pb-W,3799.935042480181,0.3799935042480181
Er-Pb-Zn,7545.664153458405,0.7545664153458405
Er-Pb-Zr,3452.6511734252344,0.34526511734252346
Er-Si-Ag,2746.0634473759565,0.27460634473759565
Er-Si-Au,1281.691016018176,0.1281691016018176
Er-Si-Cd,8704.469150716417,0.8704469150716417
Er-Si-Co,6108.766068699673,0.6108766068699674
Er-Si-Cr,5335.956669429519,0.5335956669429519
Er-Si-Cu,4153.821564263588,0.4153821564263588
Er-Si-Fe,1608.4421994897216,0.16084421994897216
Er-Si-Hf,4386.958230483592,0.4386958230483592
Er-Si-Hg,4027.2278492939954,0.40272278492939956
Er-Si-Ir,4791.337961790198,0.47913379617901986
Er-Si-Mn,5007.191577982024,0.5007191577982024
Er-Si-Mo,2527.9802054625216,0.25279802054625217
Er-Si-Nb,7355.186507843686,0.7355186507843686
Er-Si-Ni,4041.885835175339,0.4041885835175339
Er-Si-Os,6838.824708753279,0.6838824708753279
Er-Si-Pd,3606.160061663147,0.36061600616631473
Er-Si-Pt,3498.03115355994,0.349803115355994
Er-Si-Re,5221.674363400703,0.5221674363400703
Er-Si-Rh,3319.3040909983283,0.33193040909983285
Er-Si-Ru,2586.8163664491076,0.2586816366449108
Er-Si-Ta,3361.432978988056,0.33614329789880565
Er-Si-Tc,1712.8837412098885,0.17128837412098885
Er-Si-Ti,2450.5327310360067,0.24505327310360067
Er-Si-V,3614.950483051182,0.3614950483051182
Er-Si-W,5725.148280749119,0.5725148280749119
Er-Si-Zn_valence,2214.0130052786963,0.22140130052786963
Er-Si-Zr,9432.046989887082,0.9432046989887082
Er-Sn-Ag,3215.768574010973,0.3215768574010973
Er-Sn-Au,7273.692591776317,0.7273692591776317
Er-Sn-Cd,4072.8408996518783,0.40728408996518783
Er-Sn-Co,3329.488395560151,0.33294883955601506
Er-Sn-Cr,3994.0030171899425,0.39940030171899427
Er-Sn-Cu,4477.710105866483,0.4477710105866483
Er-Sn-Fe,5318.015831601748,0.5318015831601748
Er-Sn-Hf,3117.950950790648,0.31179509507906483
Er-Sn-Hg,1415.648274881464,0.1415648274881464
Er-Sn-Ir,5909.974709662826,0.5909974709662826
Er-Sn-Mn,2248.3512612358636,0.22483512612358636
Er-Sn-Mo,4097.09096072094,0.40970909607209394
Er-Sn-Nb,5503.611085197627,0.5503611085197627
Er-Sn-Ni,4219.218179210675,0.4219218179210675
Er-Sn-Os,12858.43673354426,1.285843673354426
Er-Sn-Pd,6257.12780506941,0.625712780506941
Er-Sn-Pt,3612.5375959577073,0.3612537595957707
Er-Sn-Re,3602.3807277740843,0.36023807277740844
Er-Sn-Rh,2074.603736357575,0.2074603736357575
Er-Sn-Ru,2314.5628525553766,0.23145628525553766
Er-Sn-Ta,3397.110489589994,0.3397110489589994
Er-Sn-Tc,5275.612505427227,0.5275612505427227
Er-Sn-Ti,1576.5594383204318,0.15765594383204318
Er-Sn-V,1921.5320403507872,0.1921532040350787
Er-Sn-W,3626.9302554000155,0.36269302554000155
Er-Sn-Zn,4885.258520203402,0.48852585202034027
Er-Sn-Zr,3281.3954160221783,0.3281395416022178
Eu-Ge-Ag,4015.717902824451,0.4015717902824451
Eu-Ge-Au,8370.974446369613,0.8370974446369613
Eu-Ge-Cd,5095.055713293143,0.5095055713293143
Eu-Ge-Co,6007.338976593204,0.6007338976593204
Eu-Ge-Cr,1960.1728545790193,0.19601728545790192
Eu-Ge-Cu,5592.672390448272,0.5592672390448272
Eu-Ge-Fe,2667.9075670732414,0.26679075670732416
Eu-Ge-Hf,1419.6383143075273,0.14196383143075272
Eu-Ge-Hg,3420.7304201230295,0.34207304201230293
Eu-Ge-Ir,6521.8684676303565,0.6521868467630356
Eu-Ge-Mn,3224.4784391126186,0.32244784391126186
Eu-Ge-Mo,7912.748452923861,0.7912748452923861
Eu-Ge-Nb,5416.75058350985,0.541675058350985
Eu-Ge-Ni,5538.028460198528,0.5538028460198527
Eu-Ge-Os,6683.266445388186,0.6683266445388186
Eu-Ge-Pd,2025.1376732679205,0.20251376732679205
Eu-Ge-Pt,8113.081651251352,0.8113081651251352
Eu-Ge-Re,5904.914303971415,0.5904914303971416
Eu-Ge-Rh,2550.1042725672983,0.25501042725672984
Eu-Ge-Ru,3071.465188371028,0.3071465188371028
Eu-Ge-Ta,5616.687109334495,0.5616687109334495
Eu-Ge-Tc,8567.629576975174,0.8567629576975174
Eu-Ge-Ti,6410.855427766041,0.6410855427766041
Eu-Ge-V,9948.22719684048,0.994822719684048
Eu-Ge-W,5221.363045974431,0.5221363045974431
Eu-Ge-Zn,7097.801330223137,0.7097801330223137
Eu-Ge-Zr,2935.5970384220914,0.29355970384220914
Eu-Pb-Ag,2935.742891716822,0.2935742891716822
Eu-Pb-Au,6937.213060230485,0.6937213060230485
Eu-Pb-Cd,2442.6222832580174,0.24426222832580174
Eu-Pb-Co,2833.9192732587635,0.28339192732587637
Eu-Pb-Cr,2619.5734448404187,0.26195734448404184
Eu-Pb-Cu,6543.609237943208,0.6543609237943209
Eu-Pb-Fe,3101.099793158489,0.3101099793158489
Eu-Pb-Hf,4158.402583522236,0.41584025835222355
Eu-Pb-Hg,9171.13906209321,0.9171139062093211
Eu-Pb-Ir,6244.9900319061835,0.6244990031906184
Eu-Pb-Mn,2202.3766049259034,0.22023766049259033
Eu-Pb-Mo,3208.4092357050768,0.3208409235705077
Eu-Pb-Nb,5704.804442504414,0.5704804442504413
Eu-Pb-Ni,3000.958378774994,0.3000958378774994
Eu-Pb-Os,5581.312651299423,0.5581312651299423
Eu-Pb-Pd,3157.2160003305157,0.31572160003305155
Eu-Pb-Pt,5587.569964048581,0.5587569964048581
Eu-Pb-Re,6230.675679183784,0.6230675679183785
Eu-Pb-Rh,9806.6729215796,0.98066729215796
Eu-Pb-Ru,7426.819809545704,0.7426819809545704
Eu-Pb-Ta,5036.307484920288,0.5036307484920287
Eu-Pb-Tc,6643.6417873393275,0.6643641787339327
Eu-Pb-Ti,7335.777059788671,0.7335777059788671
Eu-Pb-V,7330.563105036581,0.733056310503658
Eu-Pb-W,1357.3899762498668,0.13573899762498667
Eu-Pb-Zn,6372.842767459558,0.6372842767459558
Eu-Pb-Zr,3462.0893808611186,0.34620893808611186
Eu-Si-Ag,3381.1794428260455,0.33811794428260455
Eu-Si-Au,4639.509070189218,0.4639509070189218
Eu-Si-Cd,3716.941670687652,0.3716941670687652
Eu-Si-Co,7994.358695826097,0.7994358695826097
Eu-Si-Cr,4802.605084482417,0.4802605084482417
Eu-Si-Cu,6666.185825694371,0.6666185825694371
Eu-Si-Fe,1493.239270648581,0.1493239270648581
Eu-Si-Hf,5336.221775323269,0.5336221775323269
Eu-Si-Hg,3206.425248535234,0.3206425248535234
Eu-Si-Ir,9770.135039824938,0.9770135039824938
Eu-Si-Mn,5008.852984141534,0.5008852984141534
Eu-Si-Mo,9036.241902287236,0.9036241902287236
Eu-Si-Nb,8866.965619659288,0.8866965619659288
Eu-Si-Ni,7764.98692322524,0.776498692322524
Eu-Si-Os,6835.672473767633,0.6835672473767633
Eu-Si-Pd,3135.6136889469913,0.3135613688946991
Eu-Si-Pt,9352.506324227632,0.9352506324227632
Eu-Si-Re,6176.082076062684,0.6176082076062683
Eu-Si-Rh,2020.0918668542,0.20200918668541998
Eu-Si-Ru,2359.044230287616,0.23590442302876158
Eu-Si-Ta,3750.9572764666427,0.37509572764666427
Eu-Si-Tc,2684.6759031666916,0.26846759031666917
Eu-Si-Ti,3040.938503773043,0.3040938503773043
Eu-Si-V,2663.9864952103385,0.26639864952103387
Eu-Si-W,2670.4052892640566,0.2670405289264057
Eu-Si-Zn,6489.3792004650295,0.648937920046503
Eu-Si-Zr,5465.830954005201,0.5465830954005202
Eu-Sn-Ag,1860.8814339949686,0.18608814339949686
Eu-Sn-Au,8357.227213076523,0.8357227213076523
Eu-Sn-Cd,4828.489084835032,0.48284890848350326
Eu-Sn-Co,2707.3407161755927,0.27073407161755925
Eu-Sn-Cr,1711.9253359846707,0.17119253359846706
Eu-Sn-Cu,5257.149137214373,0.5257149137214373
Eu-Sn-Fe,3417.1770122764633,0.34171770122764633
Eu-Sn-Hf,3132.347757127643,0.3132347757127643
Eu-Sn-Hg,8481.447663027451,0.8481447663027452
Eu-Sn-Ir,6801.705940774402,0.6801705940774402
Eu-Sn-Mn,2184.442500301935,0.21844425003019352
Eu-Sn-Mo,6003.126349000691,0.6003126349000691
Eu-Sn-Nb,3008.6071527893687,0.3008607152789369
Eu-Sn-Ni,5439.13412843263,0.543913412843263
Eu-Sn-Os,6910.467778883456,0.6910467778883456
Eu-Sn-Pd,2262.8295414499216,0.22628295414499217
Eu-Sn-Pt,8324.001312025384,0.8324001312025384
Eu-Sn-Re,6521.072484901269,0.6521072484901269
Eu-Sn-Rh,2690.6424195395566,0.2690642419539557
Eu-Sn-Ru,9386.626793902067,0.9386626793902068
Eu-Sn-Ta,1497.8039841472269,0.14978039841472268
Eu-Sn-Tc,9544.852691208685,0.9544852691208685
Eu-Sn-Ti,7348.412091033363,0.7348412091033363
Eu-Sn-V,2677.756252538627,0.2677756252538627
Eu-Sn-W,6795.026599063758,0.6795026599063758
Eu-Sn-Zn,5741.732418830511,0.5741732418830511
Eu-Sn-Zr,3114.2542686245697,0.31142542686245694
Gd-Ge-Ag,4885.634776972315,0.4885634776972315
Gd-Ge-Au,3018.618267911962,0.3018618267911962
Gd-Ge-Cd,3591.5490537700575,0.35915490537700573
Gd-Ge-Co,4589.746583546259,0.4589746583546259
Gd-Ge-Cr,3250.2578685192952,0.3250257868519295
Gd-Ge-Cu,4629.144426953568,0.46291444269535675
Gd-Ge-Fe,4640.607272313277,0.46406072723132763
Gd-Ge-Hf,4763.045237585351,0.4763045237585351
Gd-Ge-Hg,1361.4887179841658,0.1361488717984166
Gd-Ge-Ir,6752.028280054174,0.6752028280054173
Gd-Ge-Mn,2757.5874178941763,0.2757587417894176
Gd-Ge-Mo,5978.973580702105,0.5978973580702105
Gd-Ge-Nb,5057.555208919368,0.5057555208919368
Gd-Ge-Ni,4070.349658396194,0.4070349658396194
Gd-Ge-Os,6402.92533407049,0.640292533407049
Gd-Ge-Pd,3587.4800691236137,0.35874800691236136
Gd-Ge-Pt,4005.5160127954423,0.40055160127954426
Gd-Ge-Re,4190.865549935021,0.41908655499350206
Gd-Ge-Rh,1982.6810868331247,0.19826810868331246
Gd-Ge-Ru,2299.923062543583,0.2299923062543583
Gd-Ge-Ta,4581.705639874352,0.45817056398743516
Gd-Ge-Tc,2909.081278328033,0.2909081278328033
Gd-Ge-Ti,6088.275642850774,0.6088275642850773
Gd-Ge-V,2028.0488169110884,0.20280488169110883
Gd-Ge-W,3940.0505255125804,0.39400505255125806
Gd-Ge-Zn,5672.545992221899,0.5672545992221899
Gd-Ge-Zr,5677.750839080711,0.5677750839080711
Gd-Pb-Ag,2204.4393843073085,0.22044393843073085
Gd-Pb-Cd,4225.053534881397,0.4225053534881397
Gd-Pb-Co,4308.866105770735,0.4308866105770735
Gd-Pb-Cr,3147.201127985459,0.3147201127985459
Gd-Pb-Cu,4460.966290559265,0.4460966290559265
Gd-Pb-Fe,2773.7605864526727,0.27737605864526726
Gd-Pb-Hf,1413.4962457102627,0.14134962457102626
Gd-Pb-Ir,5848.208627024997,0.5848208627024998
Gd-Pb-Mn,3251.553918600117,0.3251553918600117
Gd-Pb-Mo,7086.65267449844,0.708665267449844
Gd-Pb-Nb,2870.489116133468,0.28704891161334684
Gd-Pb-Ni,4675.269381643439,0.46752693816434393
Gd-Pb-Os,4481.41269190421,0.448141269190421
Gd-Pb-Pd,2448.9007197750193,0.24489007197750193
Gd-Pb-Re,4595.764881809158,0.45957648818091584
Gd-Pb-Rh_valence,2603.09656083748,0.260309656083748
Gd-Pb-Ru,6674.322368919481,0.6674322368919481
Gd-Pb-Ta,4163.901839825598,0.4163901839825598
Gd-Pb-Tc,8571.298580689925,0.8571298580689926
Gd-Pb-Ti,5454.633242812267,0.5454633242812267
Gd-Pb-V,2541.5067341998033,0.2541506734199803
Gd-Pb-W,6305.572592282018,0.6305572592282018
Gd-Pb-Zn,4404.1117392750075,0.44041117392750073
Gd-Pb-Zr,4591.673843013231,0.4591673843013231
Gd-Si-Ag,3465.1697174807778,0.3465169717480778
Gd-Si-Au,2117.8924693687245,0.21178924693687246
Gd-Si-Cd,2848.8356301098443,0.28488356301098444
Gd-Si-Co,8154.853986440825,0.8154853986440825
Gd-Si-Cr,4625.0842171299855,0.46250842171299855
Gd-Si-Cu,5292.638322604667,0.5292638322604667
Gd-Si-Fe,1508.1527813791402,0.150815278137914
Gd-Si-Hf,4126.844855026601,0.4126844855026601
Gd-Si-Hg,3982.9426287252736,0.39829426287252734
Gd-Si-Ir,4250.2239329892,0.42502239329892
Gd-Si-Mn,3007.0546769078337,0.3007054676907834
Gd-Si-Mo,4500.1680157866285,0.45001680157866286
Gd-Si-Nb,6945.444842684361,0.6945444842684361
Gd-Si-Ni,5735.846337332051,0.5735846337332051
Gd-Si-Os,7843.856425134377,0.7843856425134377
Gd-Si-Pd,3709.4830783372095,0.37094830783372096
Gd-Si-Pt,3754.9290687290936,0.37549290687290937
Gd-Si-Re,7856.13691650127,0.7856136916501271
Gd-Si-Rh,2394.6582700529734,0.23946582700529734
Gd-Si-Ru,1743.3956811387332,0.17433956811387333
Gd-Si-Ta,4910.530525175075,0.4910530525175075
Gd-Si-Tc,2165.2089725209494,0.21652089725209495
Gd-Si-Ti,2772.2536049793603,0.277225360497936
Gd-Si-V,2135.71669309087,0.21357166930908703
Gd-Si-W,5325.9926070859465,0.5325992607085946
Gd-Si-Zn,6187.358043095472,0.6187358043095471
Gd-Si-Zr,4290.19428447659,0.429019428447659
Gd-Sn-Ag,4942.828817086447,0.4942828817086447
Gd-Sn-Au,4195.948947844449,0.41959489478444495
Gd-Sn-Cd,2817.612725749442,0.28176127257494415
Gd-Sn-Co,4039.2307298846213,0.40392307298846214
Gd-Sn-Cr,2085.3071868574166,0.20853071868574166
Gd-Sn-Cu,4265.916629359884,0.4265916629359884
Gd-Sn-Fe,2414.3473848386843,0.24143473848386843
Gd-Sn-Hf,4447.2887078699805,0.4447288707869981
Gd-Sn-Hg_valence,1518.2203537076773,0.15182203537076774
Gd-Sn-Ir,5909.156581082955,0.5909156581082955
Gd-Sn-Mn,3123.9438121661697,0.31239438121661695
Gd-Sn-Mo,6637.818806812095,0.6637818806812096
Gd-Sn-Nb,6184.558796024529,0.618455879602453
Gd-Sn-Ni,4292.827828437135,0.4292827828437135
Gd-Sn-Os,7116.006951015281,0.7116006951015281
Gd-Sn-Pd,2287.557413366038,0.22875574133660379
Gd-Sn-Pt,6567.324649501296,0.6567324649501296
Gd-Sn-Re,4009.4763092760536,0.4009476309276054
Gd-Sn-Rh,3412.5593325447844,0.34125593325447845
Gd-Sn-Ru,2868.3619061519116,0.28683619061519117
Gd-Sn-Ta,4758.444051128503,0.4758444051128503
Gd-Sn-Tc,13691.929318799163,1.3691929318799163
Gd-Sn-Ti,2964.0135613578013,0.2964013561357801
Gd-Sn-V,2089.447841542404,0.20894478415424042
Gd-Sn-W,4666.1852828506335,0.46661852828506334
Gd-Sn-Zn,6525.145305046234,0.6525145305046234
Gd-Sn-Zr,2494.285754249179,0.2494285754249179
Ho-Ge-Ag,2886.225446406898,0.28862254464068976
Ho-Ge-Au,4027.365225973692,0.4027365225973692
Ho-Ge-Cd_valence,1921.8073454130183,0.19218073454130183
Ho-Ge-Co_valence,1816.1974993272083,0.18161974993272084
Ho-Ge-Cr,3059.5384184967243,0.30595384184967245
Ho-Ge-Cu,6543.4988754723145,0.6543498875472314
Ho-Ge-Fe,5315.468672473436,0.5315468672473436
Ho-Ge-Hg,4017.8126150733874,0.4017812615073387
Ho-Ge-Ir,1287.5748127289241,0.1287574812728924
Ho-Ge-Mn,3256.48106972213,0.325648106972213
Ho-Ge-Mo,4108.872515805203,0.4108872515805203
Ho-Ge-Nb,5105.575070736208,0.5105575070736208
Ho-Ge-Ni,4381.589708752935,0.4381589708752935
Ho-Ge-Os,3137.180050242298,0.3137180050242298
Ho-Ge-Pd,3471.852402347461,0.3471852402347461
Ho-Ge-Pt,3369.958485939379,0.3369958485939379
Ho-Ge-Re,8367.87727936252,0.8367877279362519
Ho-Ge-Rh,4026.233278923305,0.4026233278923305
Ho-Ge-Ru,3549.2906140018345,0.35492906140018343
Ho-Ge-Ta,3406.0129984246582,0.34060129984246584
Ho-Ge-Tc,1690.8196160130617,0.16908196160130617
Ho-Ge-Ti,5136.579428778696,0.5136579428778696
Ho-Ge-V,1623.978833935966,0.1623978833935966
Ho-Ge-W,4402.344395194475,0.44023443951944746
Ho-Ge-Zn,3345.0916273419602,0.334509162734196
Ho-Ge-Zr_valence,2691.778371445331,0.2691778371445331
Ho-Pb-Ag,3153.6150858154374,0.3153615085815437
Ho-Pb-Cd,4217.024176100923,0.4217024176100923
Ho-Pb-Co,4991.464194370642,0.49914641943706417
Ho-Pb-Cr,3103.7212412998224,0.3103721241299822
Ho-Pb-Cu,3889.7919998671546,0.3889791999867155
Ho-Pb-Fe,2895.372188594574,0.2895372188594574
Ho-Pb-Hf,3600.242743474438,0.36002427434744383
Ho-Pb-Ir_valence,2469.563788285475,0.24695637882854748
Ho-Pb-Mn,2506.3388593148943,0.25063388593148944
Ho-Pb-Mo,3448.5193703669065,0.34485193703669065
Ho-Pb-Nb,4992.812237242156,0.4992812237242156
Ho-Pb-Ni,3926.075937934499,0.3926075937934499
Ho-Pb-Os_valence,2279.8929017091045,0.22798929017091046
Ho-Pb-Pd,3586.468361568229,0.35864683615682286
Ho-Pb-Re,5225.250410932934,0.5225250410932933
Ho-Pb-Rh,5418.269191856739,0.5418269191856739
Ho-Pb-Ru,2346.5429883622205,0.23465429883622205
Ho-Pb-Ta,3599.688490487406,0.3599688490487406
Ho-Pb-Tc,2520.5436527612665,0.2520543652761266
Ho-Pb-Ti,2625.7978280686048,0.26257978280686045
Ho-Pb-V,2110.573180733397,0.2110573180733397
Ho-Pb-W,5949.173142095896,0.5949173142095896
Ho-Pb-Zn,4151.643941604091,0.4151643941604091
Ho-Pb-Zr,4416.302291514723,0.4416302291514723
Ho-Si-Ag,2576.0669652625643,0.25760669652625645
Ho-Si-Au,3690.9653614854847,0.3690965361485485
Ho-Si-Cd,3667.354148205359,0.3667354148205359
Ho-Si-Co,4181.844689000223,0.4181844689000223
Ho-Si-Cr,4075.5408841331537,0.40755408841331536
Ho-Si-Cu,4991.851797555023,0.4991851797555023
Ho-Si-Fe,1610.9172730037485,0.16109172730037485
Ho-Si-Hf,5044.489528626397,0.5044489528626397
Ho-Si-Hg,3646.739685966181,0.3646739685966181
Ho-Si-Ir,1168.2216799569653,0.11682216799569653
Ho-Si-Mn,4956.845250172727,0.4956845250172727
Ho-Si-Mo,2568.826061752635,0.2568826061752635
Ho-Si-Nb,4028.027698429952,0.40280276984299523
Ho-Si-Ni,4019.6423071003424,0.40196423071003423
Ho-Si-Os,4469.3678699459215,0.44693678699459216
Ho-Si-Pd,3363.2416368762347,0.33632416368762347
Ho-Si-Pt,3798.7362168644418,0.3798736216864442
Ho-Si-Re,4025.8787112384202,0.40258787112384203
Ho-Si-Rh,3137.793946898751,0.3137793946898751
Ho-Si-Ru,2652.377265647042,0.2652377265647042
Ho-Si-Ta,5327.5055670603415,0.5327505567060341
Ho-Si-Tc,1803.8835417785185,0.18038835417785185
Ho-Si-Ti,2365.356761270391,0.2365356761270391
Ho-Si-V,2070.0799135260963,0.20700799135260964
Ho-Si-W,6437.109357163244,0.6437109357163243
Ho-Si-Zn,4720.688327066277,0.47206883270662775
Ho-Si-Zr,6076.18587090185,0.607618587090185
Ho-Sn-Ag,3678.0318056327924,0.36780318056327926
Ho-Sn-Au,4368.36004559286,0.436836004559286
Ho-Sn-Cd,3731.8524721389344,0.37318524721389346
Ho-Sn-Co,3731.521605354723,0.3731521605354723
Ho-Sn-Cr,3004.9558620363264,0.30049558620363265
Ho-Sn-Cu,5288.354027964643,0.5288354027964643
Ho-Sn-Fe,4491.338942007145,0.44913389420071453
Ho-Sn-Hf,5124.138797878398,0.5124138797878398
Ho-Sn-Hg,3641.2616405089193,0.36412616405089193
Ho-Sn-Ir,4013.6992459595676,0.4013699245959568
Ho-Sn-Mn,2345.537988139059,0.2345537988139059
Ho-Sn-Mo,7151.01622531867,0.715101622531867
Ho-Sn-Nb,4389.2044808328355,0.43892044808328357
Ho-Sn-Ni,3096.89370670877,0.309689370670877
Ho-Sn-Os,8116.632095282379,0.8116632095282379
Ho-Sn-Pd,4251.377653800492,0.4251377653800492
Ho-Sn-Pt,1445.74992250744,0.144574992250744
Ho-Sn-Re,6941.633050360348,0.6941633050360347
Ho-Sn-Rh,3055.6239325790657,0.3055623932579066
Ho-Sn-Ru,4216.793251577008,0.4216793251577008
Ho-Sn-Ta,3342.1364679830435,0.33421364679830434
Ho-Sn-Tc,1877.5242096695424,0.18775242096695424
Ho-Sn-Ti,1823.2040874061302,0.182320408740613
Ho-Sn-V,2044.4410124383016,0.20444410124383017
Ho-Sn-W,6215.081298342866,0.6215081298342866
Ho-Sn-Zn,5582.904809211679,0.558290480921168
Ho-Sn-Zr,5763.567497507111,0.576356749750711
La-Ge-Ag_valence,4327.6556899402785,0.43276556899402785
La-Ge-Au_valence,3569.363039791156,0.35693630397911563
La-Ge-Cd_valence,3547.191619989103,0.3547191619989103
La-Ge-Co_valence,2777.830834444429,0.2777830834444429
La-Ge-Cr_valence,2643.6956687901975,0.26436956687901975
La-Ge-Cu_valence,4391.3096820176115,0.4391309682017612
La-Ge-Fe_valence,3326.1001978393206,0.33261001978393206
La-Ge-Hf_valence,3869.7460895172094,0.3869746089517209
La-Ge-Hg_valence,1618.2362643434112,0.16182362643434112
La-Ge-Ir_valence,5093.625352943609,0.5093625352943609
La-Ge-Mn_valence,3024.868443272662,0.3024868443272662
La-Ge-Mo_valence,3165.2801263886113,0.3165280126388611
La-Ge-Nb_valence,4984.099556686092,0.4984099556686092
La-Ge-Ni_valence,4031.90437480907,0.403190437480907
La-Ge-Os_valence,3925.8442995148644,0.39258442995148646
La-Ge-Pd_valence,3470.585251207118,0.3470585251207118
La-Ge-Pt_valence,3881.897863983764,0.3881897863983764
La-Ge-Re_valence,3918.2263631108467,0.39182263631108466
La-Ge-Rh_valence,4715.999080263672,0.4715999080263672
La-Ge-Ru_valence,2082.9335227619895,0.20829335227619894
La-Ge-Ta_valence,3735.78278557143,0.373578278557143
La-Ge-Tc_valence,2689.3759882841255,0.26893759882841256
La-Ge-Ti_valence,1903.0214929531703,0.19030214929531702
La-Ge-V_valence,3509.1532460510857,0.35091532460510855
La-Ge-W_valence,4288.472392566617,0.4288472392566617
La-Ge-Zn_valence,2794.0233153127974,0.27940233153127975
La-Ge-Zr_valence,4118.757181428663,0.4118757181428663
La-Pb-Ag_valence,4978.255015559713,0.4978255015559713
La-Pb-Cd_valence,4121.245246226951,0.4121245246226951
La-Pb-Co_valence,3635.6238869938134,0.36356238869938134
La-Pb-Cr_valence,3511.186820171366,0.3511186820171366
La-Pb-Cu_valence,3878.7091177077837,0.38787091177077837
La-Pb-Fe_valence,3756.0795897464523,0.3756079589746452
La-Pb-Ir_valence,4410.662915419392,0.44106629154193927
La-Pb-Mn_valence,3700.9046772041247,0.3700904677204125
La-Pb-Mo_valence,4508.2684670468825,0.45082684670468826
La-Pb-Nb_valence,4401.268252218588,0.44012682522185875
La-Pb-Ni_valence,3729.527731036557,0.37295277310365565
La-Pb-Os_valence,4506.584049288745,0.45065840492887443
La-Pb-Pd_valence,2478.040750115728,0.24780407501157278
La-Pb-Pt_valence,4204.738614616623,0.42047386146166227
La-Pb-Re_valence,4336.043362809329,0.43360433628093287
La-Pb-Rh_valence,3167.12713633047,0.316712713633047
La-Pb-Ru_valence,3076.8459576568653,0.3076845957656865
La-Pb-Ta_valence,2909.5530418765293,0.2909553041876529
La-Pb-Tc_valence,4655.277680097917,0.46552776800979173
La-Pb-Ti_valence,2488.7020324928835,0.24887020324928835
La-Pb-V_valence,2033.3849853061843,0.20333849853061842
La-Pb-W_valence,3252.2348115895625,0.3252234811589563
La-Pb-Zn_valence,4818.033767673648,0.4818033767673648
La-Pb-Zr_valence,3011.3764213090303,0.30113764213090305
La-Si-Ag_valence,3532.813654327643,0.3532813654327643
La-Si-Au_valence,1545.3601695611237,0.15453601695611238
La-Si-Cd_valence,4285.602771365718,0.42856027713657174
La-Si-Co_valence,3579.2398991881532,0.3579239899188153
La-Si-Cr_valence,4998.54571009047,0.49985457100904696
La-Si-Cu_valence,5133.105208070176,0.5133105208070176
La-Si-Fe_valence,3517.728241845755,0.3517728241845755
La-Si-Hf_valence,3457.245330428748,0.34572453304287476
La-Si-Hg_valence,3027.7753039107324,0.30277753039107325
La-Si-Ir_valence,5504.123631470784,0.5504123631470784
La-Si-Mn_valence,1629.8434112677724,0.16298434112677723
La-Si-Mo_valence,3051.5571069724188,0.3051557106972419
La-Si-Nb_valence,2817.9500922915786,0.28179500922915784
La-Si-Ni_valence,4279.139080775621,0.4279139080775621
La-Si-Os_valence,5321.6274201901215,0.5321627420190121
La-Si-Pd_valence,3639.050814320525,0.3639050814320525
La-Si-Pt_valence,3380.343635727117,0.3380343635727117
La-Si-Re_valence,4767.110482687984,0.47671104826879834
La-Si-Rh_valence,3927.2097544768803,0.392720975447688
La-Si-Ru_valence,2653.318652848929,0.2653318652848929
La-Si-Ta_valence,3566.1247720019805,0.35661247720019806
La-Si-Tc_valence,2215.0590561250856,0.22150590561250855
La-Si-Ti,2677.5391471577905,0.26775391471577903
La-Si-V,2569.784088530942,0.2569784088530942
La-Si-W_valence,6545.1843926195625,0.6545184392619563
La-Si-Zn_valence,5602.34333157435,0.560234333157435
La-Si-Zr_valence,5014.016623389877,0.5014016623389878
La-Sn-Ag_valence,3713.0641359284823,0.3713064135928482
La-Sn-Au_valence,4461.612792703077,0.4461612792703077
La-Sn-Cd_valence,3676.6130093569645,0.36766130093569643
La-Sn-Co_valence,3390.6489398516383,0.3390648939851638
La-Sn-Cr_valence,3936.6941772139057,0.3936694177213906
La-Sn-Cu_valence,4493.229568443203,0.4493229568443203
La-Sn-Fe_valence,3143.3542079573754,0.31433542079573756
La-Sn-Hf_valence,3716.601941740262,0.37166019417402624
La-Sn-Hg_valence,5178.72418330434,0.517872418330434
La-Sn-Ir_valence,4099.181911366612,0.4099181911366612
La-Sn-Mn_valence,2759.524673347758,0.2759524673347758
La-Sn-Mo_valence,5278.083043958343,0.5278083043958344
La-Sn-Nb_valence,5701.524401651297,0.5701524401651297
La-Sn-Ni_valence,3769.9907331793224,0.37699907331793225
La-Sn-Os_valence,4620.538599982538,0.46205385999825377
La-Sn-Pd_valence,4471.474418098721,0.4471474418098721
La-Sn-Pt_valence,5737.7255839663185,0.5737725583966319
La-Sn-Re_valence,4152.59041049868,0.41525904104986805
La-Sn-Rh_valence,2309.48489412335,0.230948489412335
La-Sn-Ru_valence,2320.4557024798887,0.23204557024798886
La-Sn-Ta_valence,5811.674979716002,0.5811674979716002
La-Sn-Tc_valence,2942.6818196103386,0.2942681819610339
La-Sn-Ti_valence,1823.525048061523,0.1823525048061523
La-Sn-V_valence,2444.234049209603,0.24442340492096032
La-Sn-W_valence,3661.6745690108814,0.36616745690108815
La-Sn-Zn_valence,4441.7507602348915,0.44417507602348916
La-Sn-Zr_valence,3934.8229448504753,0.3934822944850475
Lu-Ge-Ag,3714.1185055127885,0.37141185055127884
Lu-Ge-Au,2777.0290014813754,0.27770290014813753
Lu-Ge-Cd,2847.2257498263184,0.2847225749826318
Lu-Ge-Co,2775.4292447523667,0.27754292447523665
Lu-Ge-Cr,1633.7745863622185,0.16337745863622186
Lu-Ge-Cu,3438.032863755602,0.34380328637556024
Lu-Ge-Fe,2316.4557916273366,0.23164557916273365
Lu-Ge-Hf,2411.415181729805,0.24114151817298052
Lu-Ge-Hg,1369.0221699037638,0.13690221699037639
Lu-Ge-Ir,4624.5803520930795,0.46245803520930795
Lu-Ge-Mn,2789.584953375294,0.27895849533752937
Lu-Ge-Mo,2783.8619522895283,0.2783861952289528
Lu-Ge-Nb,5018.920669957972,0.5018920669957971
Lu-Ge-Ni,3185.3144844179383,0.3185314484417938
Lu-Ge-Os,5031.6471987156565,0.5031647198715656
Lu-Ge-Pd,3166.1372881143907,0.31661372881143907
Lu-Ge-Pt,4547.821522959804,0.45478215229598035
Lu-Ge-Re,3237.2082754892854,0.32372082754892856
Lu-Ge-Rh,3640.9846846276237,0.3640984684627624
Lu-Ge-Ru,4495.063644792797,0.4495063644792797
Lu-Ge-Ta,3396.8229663064894,0.3396822966306489
Lu-Ge-Tc,4711.738823401057,0.4711738823401057
Lu-Ge-Ti,6628.628088785352,0.6628628088785352
Lu-Ge-V,6822.755728035825,0.6822755728035825
Lu-Ge-W,4300.031770207868,0.43000317702078683
Lu-Ge-Zn,3498.581682848723,0.3498581682848723
Lu-Ge-Zr,3085.6253799469323,0.30856253799469324
Lu-Pb-Ag,7975.393357007538,0.7975393357007537
Lu-Pb-Au_valence,1561.508551108357,0.1561508551108357
Lu-Pb-Cd,3678.4206984917955,0.36784206984917955
Lu-Pb-Co,2376.304714023745,0.2376304714023745
Lu-Pb-Cr_valence,2686.7152997387484,0.26867152997387483
Lu-Pb-Cu,3887.850261712118,0.3887850261712118
Lu-Pb-Fe,3086.589003008579,0.3086589003008579
Lu-Pb-Hf,1408.6633539578156,0.14086633539578156
Lu-Pb-Hg_valence,2044.1635083715257,0.20441635083715257
Lu-Pb-Ir,4159.674490745028,0.41596744907450284
Lu-Pb-Mn,3459.724852450506,0.34597248524505064
Lu-Pb-Mo,9634.545584828842,0.9634545584828842
Lu-Pb-Nb,3684.403212130064,0.3684403212130064
Lu-Pb-Ni,2857.292910541948,0.2857292910541948
Lu-Pb-Os,3922.0904860872706,0.3922090486087271
Lu-Pb-Pd,2035.5215682915323,0.20355215682915323
Lu-Pb-Pt_valence,1791.3313675332527,0.17913313675332526
Lu-Pb-Re,3235.7904263827286,0.32357904263827286
Lu-Pb-Rh,2213.4062920920173,0.22134062920920172
Lu-Pb-Ru,3346.3420662755616,0.33463420662755616
Lu-Pb-Ta,3432.849176684022,0.3432849176684022
Lu-Pb-Tc,12156.843230565537,1.2156843230565537
Lu-Pb-Ti,4467.223025110616,0.4467223025110616
Lu-Pb-V,2505.2516707288714,0.25052516707288713
Lu-Pb-W,4050.4794651017282,0.40504794651017284
Lu-Pb-Zn,2798.6251054016743,0.2798625105401674
Lu-Pb-Zr,2884.281337658872,0.2884281337658872
Lu-Si-Ag,3056.382764735652,0.30563827647356523
Lu-Si-Au,1237.9551371506166,0.12379551371506166
Lu-Si-Cd,3107.22989786081,0.310722989786081
Lu-Si-Co,2906.656078306304,0.2906656078306304
Lu-Si-Cr,4663.143826637331,0.46631438266373304
Lu-Si-Cu,4698.84102808855,0.469884102808855
Lu-Si-Fe,2348.5752868832624,0.23485752868832624
Lu-Si-Hf,3111.8060788117973,0.31118060788117974
Lu-Si-Hg,2751.9101342988956,0.27519101342988955
Lu-Si-Ir,21803.72057681503,2.180372057681503
Lu-Si-Mn,4880.855383940722,0.4880855383940722
Lu-Si-Mo,2504.211953516373,0.2504211953516373
Lu-Si-Nb,3575.2807711732466,0.35752807711732465
Lu-Si-Ni,3330.1694039747576,0.33301694039747576
Lu-Si-Os,4832.313956595188,0.4832313956595188
Lu-Si-Pd,7704.862421274635,0.7704862421274635
Lu-Si-Pt,3699.66368763635,0.369966368763635
Lu-Si-Re,4420.572830394083,0.44205728303940833
Lu-Si-Rh,3164.9544823407823,0.3164954482340782
Lu-Si-Ru,3341.3901027843685,0.33413901027843684
Lu-Si-Ta,3510.673357564898,0.3510673357564898
Lu-Si-Tc,1826.1714200209506,0.18261714200209506
Lu-Si-Ti,2204.290311727371,0.2204290311727371
Lu-Si-V,1985.6127988813555,0.19856127988813554
Lu-Si-W,3977.757917228788,0.3977757917228788
Lu-Si-Zn,3167.8566246808896,0.316785662468089
Lu-Si-Zr,4572.800649736341,0.4572800649736341
Lu-Sn-Ag,3528.906615364827,0.3528906615364827
Lu-Sn-Au,3635.710557639055,0.36357105576390547
Lu-Sn-Cd,3494.550410053869,0.34945504100538693
Lu-Sn-Co,6470.072272633194,0.6470072272633194
Lu-Sn-Cr,1596.1448171009915,0.15961448171009915
Lu-Sn-Cu,2295.4106102928354,0.22954106102928354
Lu-Sn-Fe,3271.333395844909,0.32713333958449087
Lu-Sn-Hf,2533.1891457497163,0.25331891457497163
Lu-Sn-Hg_valence,2070.0229451330947,0.20700229451330948
Lu-Sn-Ir,3971.0780220135425,0.3971078022013543
Lu-Sn-Mn_valence,2034.8212663200486,0.20348212663200485
Lu-Sn-Mo,4557.615305933927,0.4557615305933927
Lu-Sn-Nb,4869.424869109251,0.48694248691092507
Lu-Sn-Ni,3282.6135591154452,0.32826135591154454
Lu-Sn-Os,3749.6114809963715,0.37496114809963715
Lu-Sn-Pd,4159.409513412689,0.4159409513412689
Lu-Sn-Pt,4495.127287128331,0.4495127287128331
Lu-Sn-Re,2813.3771706100943,0.2813377170610094
Lu-Sn-Rh,1882.0503706675572,0.18820503706675573
Lu-Sn-Ru,2221.155209108634,0.22211552091086342
Lu-Sn-Ta,2549.8163886284697,0.25498163886284697
Lu-Sn-Tc,8075.202734352006,0.8075202734352006
Lu-Sn-Ti,3654.5335831785596,0.36545335831785597
Lu-Sn-V,2534.9721519753407,0.25349721519753404
Lu-Sn-W,3605.465469911476,0.3605465469911476
Lu-Sn-Zn,3495.782662131439,0.34957826621314386
Lu-Sn-Zr,7503.12531851922,0.750312531851922
Nd-Ge-Ag,4087.5070483137506,0.40875070483137504
Nd-Ge-Au,4060.373692982951,0.4060373692982951
Nd-Ge-Cd,2415.5861814141917,0.24155861814141918
Nd-Ge-Co,2913.080921799088,0.29130809217990883
Nd-Ge-Cr,2039.9290258535882,0.20399290258535882
Nd-Ge-Cu,2156.0109019369015,0.21560109019369014
Nd-Ge-Fe,5535.488504956777,0.5535488504956777
Nd-Ge-Hf,1674.7001405199992,0.16747001405199993
Nd-Ge-Hg,4179.780484328714,0.4179780484328714
Nd-Ge-Ir,2658.1139849225647,0.2658113984922565
Nd-Ge-Mn,3274.910078206113,0.3274910078206113
Nd-Ge-Mo,3352.6078672510375,0.33526078672510373
Nd-Ge-Nb,2426.9035456659626,0.24269035456659627
Nd-Ge-Ni,2503.7615606167865,0.2503761560616786
Nd-Ge-Os,2594.028463047584,0.2594028463047584
Nd-Ge-Pd,1712.6802471282315,0.17126802471282315
Nd-Ge-Pt,2978.0469977227826,0.29780469977227825
Nd-Ge-Re,2576.7797054027155,0.25767797054027153
Nd-Ge-Rh,2755.0387533770618,0.27550387533770615
Nd-Ge-Ru,3056.1601187738815,0.3056160118773881
Nd-Ge-Ta,2410.4459133493497,0.24104459133493497
Nd-Ge-Tc,3363.299537757874,0.3363299537757874
Nd-Ge-Ti,3284.048355373411,0.3284048355373411
Nd-Ge-V,4783.352217392622,0.47833522173926224
Nd-Ge-W,2272.7622553831407,0.22727622553831406
Nd-Ge-Zn,2994.7763315706534,0.2994776331570653
Nd-Ge-Zr,2773.449447356141,0.2773449447356141
Nd-Pb-Ag,3526.121329924046,0.3526121329924046
Nd-Pb-Au,3117.8430100389414,0.31178430100389415
Nd-Pb-Cd,2821.5233703986855,0.28215233703986853
Nd-Pb-Co,3160.2912008302583,0.3160291200830258
Nd-Pb-Cr,2674.9409780245755,0.26749409780245753
Nd-Pb-Cu,2420.1729120726027,0.24201729120726026
Nd-Pb-Fe,3666.4998219525187,0.36664998219525186
Nd-Pb-Hf,4776.883278224929,0.47768832782249293
Nd-Pb-Hg,4612.688339205351,0.46126883392053514
Nd-Pb-Ir,2690.7001245667648,0.2690700124566765
Nd-Pb-Mn,2739.622620901305,0.27396226209013047
Nd-Pb-Mo,2723.1869714537656,0.27231869714537654
Nd-Pb-Nb,2125.1367743674336,0.21251367743674338
Nd-Pb-Ni,3415.3157979263597,0.341531579792636
Nd-Pb-Os,2472.549508120967,0.2472549508120967
Nd-Pb-Pd,3640.241216435752,0.3640241216435752
Nd-Pb-Pt,3240.0439138158754,0.32400439138158754
Nd-Pb-Re,2496.5317857105015,0.24965317857105015
Nd-Pb-Rh,2871.9600749340384,0.28719600749340385
Nd-Pb-Ru,3877.3665134541984,0.38773665134541985
Nd-Pb-Ta,4744.85914486116,0.474485914486116
Nd-Pb-Tc,2562.996153250976,0.2562996153250976
Nd-Pb-Ti,2836.2448861946336,0.2836244886194634
Nd-Pb-V,3281.252746605374,0.32812527466053737
Nd-Pb-W,1555.6986118667085,0.15556986118667085
Nd-Pb-Zn,2841.538553184101,0.28415385531841014
Nd-Pb-Zr,3277.396096237829,0.3277396096237829
Nd-Si-Ag,3577.682903458801,0.3577682903458801
Nd-Si-Au,3824.5209274728613,0.38245209274728614
Nd-Si-Cd,3642.9341847350993,0.36429341847350993
Nd-Si-Co,3354.40542429345,0.335440542429345
Nd-Si-Cr,4054.585208378654,0.4054585208378654
Nd-Si-Cu,3322.2734336643125,0.3322273433664312
Nd-Si-Fe,2454.062056893506,0.2454062056893506
Nd-Si-Hf,5026.532978104503,0.5026532978104503
Nd-Si-Hg,3044.341218993038,0.3044341218993038
Nd-Si-Ir,3427.5089951299947,0.3427508995129995
Nd-Si-Mn,5343.656416392157,0.5343656416392156
Nd-Si-Mo,3622.0436906694445,0.3622043690669444
Nd-Si-Nb,3582.936769040693,0.3582936769040693
Nd-Si-Ni,3232.432335433289,0.3232432335433289
Nd-Si-Os,4124.602918868701,0.41246029188687006
Nd-Si-Pd,2396.131469174647,0.23961314691746471
Nd-Si-Pt,4640.4526976462,0.46404526976462
Nd-Si-Re,2431.260746799503,0.24312607467995032
Nd-Si-Rh,2291.667619459597,0.2291667619459597
Nd-Si-Ru,2253.196243633804,0.2253196243633804
Nd-Si-Ta,3396.9058792111236,0.33969058792111234
Nd-Si-Tc,6209.69670935626,0.6209696709356259
Nd-Si-Ti,2409.1475192626754,0.24091475192626755
Nd-Si-V,2337.947358838885,0.2337947358838885
Nd-Si-W,2919.6831118630707,0.29196831118630706
Nd-Si-Zn,3162.114020968143,0.3162114020968143
Nd-Si-Zr,2688.7873588279026,0.26887873588279027
Nd-Sn-Ag,2122.9190637069087,0.21229190637069087
Nd-Sn-Au,3557.32306329873,0.355732306329873
Nd-Sn-Cd,4738.042597925753,0.47380425979257534
Nd-Sn-Co,2774.30984786391,0.277430984786391
Nd-Sn-Cr,1908.6252071533465,0.19086252071533466
Nd-Sn-Cu,2190.345848182,0.21903458481819998
Nd-Sn-Fe,3408.946138676581,0.3408946138676581
Nd-Sn-Hf,3250.791051679953,0.3250791051679953
Nd-Sn-Hg,3195.871322915535,0.3195871322915535
Nd-Sn-Ir,2691.3850123433294,0.2691385012343329
Nd-Sn-Mn,1967.967206132891,0.1967967206132891
Nd-Sn-Mo,2957.562291160037,0.2957562291160037
Nd-Sn-Nb,2657.5615924910658,0.26575615924910656
Nd-Sn-Ni,2315.8336847442533,0.23158336847442534
Nd-Sn-Os,3276.9430530444934,0.3276943053044493
Nd-Sn-Pd,6709.9518848068865,0.6709951884806886
Nd-Sn-Pt,4048.630919369376,0.4048630919369376
Nd-Sn-Re,2639.2661918443478,0.2639266191844348
Nd-Sn-Rh,2756.871800693939,0.2756871800693939
Nd-Sn-Ru,3596.683242953348,0.3596683242953348
Nd-Sn-Ta,1306.0950904367357,0.13060950904367358
Nd-Sn-Tc,3381.7733920311825,0.33817733920311827
Nd-Sn-Ti,3399.731629956285,0.33997316299562846
Nd-Sn-V,2617.50635883516,0.261750635883516
Nd-Sn-W,2509.5768405104864,0.2509576840510486
Nd-Sn-Zn,2359.1877420125775,0.23591877420125776
Nd-Sn-Zr,3370.735701638061,0.3370735701638061
Pm-Ge-Ag,3872.9985445795487,0.3872998544579549
Pm-Ge-Au,3349.6403653664033,0.3349640365366403
Pm-Ge-Cd,2257.5428011692843,0.22575428011692844
Pm-Ge-Co,2345.3879164718605,0.23453879164718605
Pm-Ge-Cr,2010.9057193587591,0.20109057193587593
Pm-Ge-Cu,1959.2759689874888,0.1959275968987489
Pm-Ge-Fe,3963.9774768322727,0.3963977476832273
Pm-Ge-Hf,1516.5916407394686,0.15165916407394686
Pm-Ge-Hg,4235.338085768459,0.42353380857684586
Pm-Ge-Ir,2311.1635973671464,0.23111635973671463
Pm-Ge-Mn,3171.203391264718,0.3171203391264718
Pm-Ge-Mo,3423.0406705280147,0.3423040670528015
Pm-Ge-Nb,2218.078154956269,0.2218078154956269
Pm-Ge-Ni,2215.5653564913678,0.22155653564913677
Pm-Ge-Os,2139.8943323410112,0.21398943323410113
Pm-Ge-Pd,2740.492650212617,0.2740492650212617
Pm-Ge-Pt,3397.1928131910577,0.3397192813191058
Pm-Ge-Re,3052.8996934898964,0.30528996934898966
Pm-Ge-Rh,2438.913969622189,0.24389139696221893
Pm-Ge-Ru,3032.5577957816035,0.30325577957816036
Pm-Ge-Ta,2414.0555396335203,0.24140555396335203
Pm-Ge-Tc,4000.3559996541157,0.40003559996541155
Pm-Ge-Ti,3484.385082292506,0.3484385082292506
Pm-Ge-V,5588.128519980157,0.5588128519980157
Pm-Ge-W,2126.347290239761,0.21263472902397612
Pm-Ge-Zn,2387.1274773826144,0.23871274773826145
Pm-Ge-Zr,3053.9312306099055,0.30539312306099053
Pm-Pb-Ag,2651.1221559014703,0.265112215590147
Pm-Pb-Au,2725.3578214066224,0.27253578214066226
Pm-Pb-Cd,2454.41838822977,0.245441838822977
Pm-Pb-Co,3143.956188147052,0.31439561881470524
Pm-Pb-Cr,2566.004980203805,0.25660049802038054
Pm-Pb-Cu,2792.2813183204216,0.27922813183204215
Pm-Pb-Fe,3722.434768390771,0.3722434768390771
Pm-Pb-Hf,3135.193684335297,0.3135193684335297
Pm-Pb-Ir,2358.582176301785,0.23585821763017847
Pm-Pb-Mn,2420.0699443406115,0.24200699443406115
Pm-Pb-Mo,2558.7001311446743,0.25587001311446744
Pm-Pb-Nb,2051.0049754023985,0.20510049754023985
Pm-Pb-Ni,3206.296000177851,0.3206296000177851
Pm-Pb-Os,2312.554869710746,0.23125548697107462
Pm-Pb-Pd,2971.333158253765,0.2971333158253765
Pm-Pb-Pt,2865.9745959416655,0.28659745959416655
Pm-Pb-Re,2142.4095604312524,0.21424095604312524
Pm-Pb-Rh,3302.0459660531665,0.33020459660531665
Pm-Pb-Ru,3261.2395353237703,0.32612395353237705
Pm-Pb-Ta,4887.788209126553,0.4887788209126553
Pm-Pb-Tc,2248.5154594586475,0.22485154594586473
Pm-Pb-Ti,2763.1237116818643,0.2763123711681864
Pm-Pb-V,3303.34199128701,0.330334199128701
Pm-Pb-W,1551.3223712918063,0.15513223712918064
Pm-Pb-Zn,2820.317031401804,0.2820317031401804
Pm-Pb-Zr,3943.084047596367,0.3943084047596367
Pm-Si-Ag,5531.507455060638,0.5531507455060638
Pm-Si-Au,3643.745513433081,0.3643745513433081
Pm-Si-Cd,3631.2901241965083,0.36312901241965084
Pm-Si-Co,3372.8732714261014,0.3372873271426101
Pm-Si-Cr,3611.4146853994403,0.361141468539944
Pm-Si-Cu,2496.251912408213,0.24962519124082128
Pm-Si-Fe,1578.9007868394358,0.15789007868394359
Pm-Si-Hf,5014.833570010424,0.5014833570010424
Pm-Si-Hg,3056.6638340513787,0.30566638340513785
Pm-Si-Ir,3210.254062330079,0.3210254062330079
Pm-Si-Mn,6116.429342796098,0.6116429342796098
Pm-Si-Mo,3241.0389775268086,0.32410389775268084
Pm-Si-Nb,3168.8754573745236,0.31688754573745237
Pm-Si-Ni,2900.3431459888448,0.29003431459888446
Pm-Si-Os,2945.62499571613,0.294562499571613
Pm-Si-Pd,2702.7058083100987,0.27027058083100985
Pm-Si-Pt,3620.639879910995,0.3620639879910995
Pm-Si-Re,2227.697634754266,0.2227697634754266
Pm-Si-Rh,2036.1066169178316,0.20361066169178316
Pm-Si-Ru,2614.626080074701,0.26146260800747007
Pm-Si-Ta,3910.5306753880573,0.3910530675388057
Pm-Si-Tc,4271.635946420186,0.4271635946420186
Pm-Si-Ti,2156.8273458977496,0.21568273458977497
Pm-Si-V,2195.9815621784364,0.21959815621784365
Pm-Si-W,3217.4941080334947,0.32174941080334946
Pm-Si-Zn,2890.1205975874873,0.2890120597587487
Pm-Si-Zr,2325.237188659616,0.2325237188659616
Pm-Sn-Ag,2383.1617600214986,0.23831617600214985
Pm-Sn-Au,3337.7923048651105,0.33377923048651104
Pm-Sn-Cd,4219.13808079052,0.421913808079052
Pm-Sn-Co,2802.630297536679,0.2802630297536679
Pm-Sn-Cr,1740.0160361114229,0.17400160361114228
Pm-Sn-Cu,2191.5976123755745,0.21915976123755745
Pm-Sn-Fe,3922.9713564938847,0.39229713564938845
Pm-Sn-Hf,3293.0444938538913,0.3293044493853891
Pm-Sn-Hg_valence,4402.005489385702,0.44020054893857025
Pm-Sn-Ir,3361.413677099057,0.3361413677099057
Pm-Sn-Mn,2020.1722652314747,0.20201722652314746
Pm-Sn-Mo,3100.1586552032113,0.3100158655203211
Pm-Sn-Nb,3612.222389754622,0.3612222389754622
Pm-Sn-Ni,2153.3877597476726,0.21533877597476725
Pm-Sn-Os,2608.6783531930137,0.26086783531930136
Pm-Sn-Pd,2306.258778272492,0.23062587782724916
Pm-Sn-Pt,3572.3650649209803,0.35723650649209804
Pm-Sn-Re,2480.8160791712685,0.24808160791712686
Pm-Sn-Rh,2688.080361823554,0.2688080361823554
Pm-Sn-Ru,3323.1286333712164,0.3323128633371216
Pm-Sn-Ta,1714.513384486626,0.1714513384486626
Pm-Sn-Tc,3297.234473343283,0.3297234473343283
Pm-Sn-Ti,3107.617833126343,0.3107617833126343
Pm-Sn-V,2727.200881979561,0.2727200881979561
Pm-Sn-W,2620.3422388199224,0.2620342238819922
Pm-Sn-Zn,1971.9956001073829,0.1971995600107383
Pm-Sn-Zr,3114.2402157351044,0.31142402157351046
Pr-Ge-Ag,3963.7847257164995,0.39637847257164993
Pr-Ge-Au,3683.0368926687925,0.36830368926687923
Pr-Ge-Cd,2971.3352547448317,0.2971335254744832
Pr-Ge-Co,2469.034572215901,0.2469034572215901
Pr-Ge-Cr,1732.2710011921515,0.17322710011921516
Pr-Ge-Cu,2467.1996991591686,0.24671996991591685
Pr-Ge-Fe,3392.396300900967,0.3392396300900967
Pr-Ge-Hf,2404.9763792547224,0.24049763792547224
Pr-Ge-Hg,3923.6488705120473,0.39236488705120476
Pr-Ge-Ir,2928.5529310821075,0.29285529310821073
Pr-Ge-Mn,3659.0051663778536,0.36590051663778533
Pr-Ge-Mo,3771.786727318167,0.3771786727318167
Pr-Ge-Nb,2933.596641952374,0.2933596641952374
Pr-Ge-Ni,2510.487169808409,0.2510487169808409
Pr-Ge-Os,2729.6041476184732,0.27296041476184735
Pr-Ge-Pd,2133.108846237291,0.2133108846237291
Pr-Ge-Pt,3362.9127959873604,0.33629127959873606
Pr-Ge-Re,3242.009853276826,0.3242009853276826
Pr-Ge-Rh,2357.188170456716,0.23571881704567157
Pr-Ge-Ru,4677.034884978263,0.46770348849782634
Pr-Ge-Ta,2644.6264062395603,0.264462640623956
Pr-Ge-Tc,4961.883897539107,0.4961883897539107
Pr-Ge-Ti,3691.729586744122,0.3691729586744122
Pr-Ge-V,4152.131165251244,0.4152131165251244
Pr-Ge-W,2503.050586593846,0.2503050586593846
Pr-Ge-Zn,2946.536850661818,0.2946536850661818
Pr-Ge-Zr,2963.49303116025,0.29634930311602503
Pr-Pb-Ag,5545.99915535746,0.5545999155357461
Pr-Pb-Au,3400.9160487035488,0.3400916048703549
Pr-Pb-Cd,7791.475769828735,0.7791475769828735
Pr-Pb-Co,3161.5127402534877,0.31615127402534876
Pr-Pb-Cr,2850.848206475145,0.2850848206475145
Pr-Pb-Cu,2489.7264471317994,0.24897264471317995
Pr-Pb-Fe,3550.8078563970403,0.355080785639704
Pr-Pb-Hf,4667.348502861475,0.46673485028614753
Pr-Pb-Hg,5889.12950538382,0.588912950538382
Pr-Pb-Ir,2984.5599673257725,0.2984559967325773
Pr-Pb-Mn,3791.9273184439453,0.3791927318443945
Pr-Pb-Mo,2731.4520044137066,0.27314520044137064
Pr-Pb-Nb,2494.0947635459283,0.24940947635459285
Pr-Pb-Ni,3465.4297215754814,0.34654297215754815
Pr-Pb-Os,2789.762775310696,0.27897627753106957
Pr-Pb-Pd,4300.321803518495,0.4300321803518495
Pr-Pb-Pt,3491.2926553728394,0.34912926553728396
Pr-Pb-Re,2542.8101535805567,0.2542810153580557
Pr-Pb-Rh,3313.4270720880595,0.33134270720880593
Pr-Pb-Ru,3639.1199190656043,0.36391199190656043
Pr-Pb-Ta,5246.787497015848,0.5246787497015848
Pr-Pb-Tc,2741.1604711326218,0.27411604711326215
Pr-Pb-Ti,2871.7011017280365,0.28717011017280364
Pr-Pb-V,3651.5435489732176,0.3651543548973218
Pr-Pb-W,1683.1637911986954,0.16831637911986955
Pr-Pb-Zn,2994.1868247942666,0.29941868247942666
Pr-Pb-Zr,3322.461728560922,0.3322461728560922
Pr-Si-Ag,3698.112898688126,0.36981128986881256
Pr-Si-Au,4202.310679141834,0.4202310679141834
Pr-Si-Cd,3698.2382384685275,0.36982382384685275
Pr-Si-Co,3361.8096806292147,0.33618096806292147
Pr-Si-Cr,2896.2844389559796,0.28962844389559794
Pr-Si-Cu,3250.703426047608,0.3250703426047608
Pr-Si-Fe,2000.781445662446,0.2000781445662446
Pr-Si-Hf,5229.585563725479,0.522958556372548
Pr-Si-Hg,3371.1931529986728,0.3371193152998673
Pr-Si-Ir,3849.557495024934,0.3849557495024934
Pr-Si-Mn,4994.902986738894,0.49949029867388933
Pr-Si-Mo,3622.873503251429,0.3622873503251429
Pr-Si-Nb,3585.3597315645816,0.35853597315645813
Pr-Si-Ni,3361.668621719216,0.3361668621719216
Pr-Si-Os,3562.451459320323,0.3562451459320323
Pr-Si-Pd,2898.4415555708715,0.28984415555708715
Pr-Si-Pt,4791.6346491825525,0.47916346491825523
Pr-Si-Re,2539.8811302011386,0.25398811302011387
Pr-Si-Rh,1989.614097744284,0.1989614097744284
Pr-Si-Ru,3092.219302374949,0.3092219302374949
Pr-Si-Ta,3681.196862673003,0.3681196862673003
Pr-Si-Tc,2764.5464308204887,0.27645464308204887
Pr-Si-Ti,2512.150865082657,0.25121508650826574
Pr-Si-V,2445.9149738321535,0.24459149738321534
Pr-Si-W,3012.485793701317,0.3012485793701317
Pr-Si-Zn,2982.109138180093,0.2982109138180093
Pr-Si-Zr,2728.9584269071547,0.2728958426907155
Pr-Sn-Ag,2157.10942597243,0.215710942597243
Pr-Sn-Au,3677.0189696350767,0.3677018969635077
Pr-Sn-Cd,4664.313728588827,0.4664313728588827
Pr-Sn-Co,3160.7491033479005,0.31607491033479007
Pr-Sn-Cr,1898.2963761576082,0.18982963761576083
Pr-Sn-Cu,2374.055950646852,0.2374055950646852
Pr-Sn-Fe,3449.3450947694228,0.34493450947694226
Pr-Sn-Hf,3573.4401796832553,0.35734401796832554
Pr-Sn-Hg,3334.958161268713,0.3334958161268713
Pr-Sn-Ir,3069.0535595211613,0.30690535595211615
Pr-Sn-Mn,1841.0323728729322,0.18410323728729322
Pr-Sn-Mo,3299.692054049823,0.3299692054049823
Pr-Sn-Nb,3752.011147275565,0.37520111472755646
Pr-Sn-Ni,2331.655205178879,0.2331655205178879
Pr-Sn-Os,3221.5989212925583,0.32215989212925583
Pr-Sn-Pd,2430.5364744474896,0.24305364744474897
Pr-Sn-Pt,4066.6912120346415,0.40666912120346416
Pr-Sn-Re,3063.4391922831933,0.30634391922831933
Pr-Sn-Rh,2660.3477245335043,0.26603477245335044
Pr-Sn-Ru,3880.3048010632374,0.38803048010632374
Pr-Sn-Ta,1552.7969585381775,0.15527969585381773
Pr-Sn-Tc,4221.264248140635,0.4221264248140635
Pr-Sn-Ti,4134.057820882099,0.4134057820882099
Pr-Sn-V,2558.7521609315236,0.25587521609315234
Pr-Sn-W,2682.9812088277886,0.2682981208827789
Pr-Sn-Zn,2338.9843626860034,0.23389843626860032
Pr-Sn-Zr,3697.9942214124135,0.36979942214124134
Sm-Ge-Ag,3808.4879955431165,0.38084879955431167
Sm-Ge-Au,3272.8148262110763,0.3272814826211076
Sm-Ge-Cd,1923.381188814235,0.1923381188814235
Sm-Ge-Co,2033.9545367692062,0.20339545367692063
Sm-Ge-Cr,1807.5437023475756,0.18075437023475757
Sm-Ge-Cu,1949.270205178239,0.1949270205178239
Sm-Ge-Fe,2785.779364375163,0.27857793643751627
Sm-Ge-Hf,1534.2243502652548,0.15342243502652547
Sm-Ge-Hg,3434.216047739527,0.34342160477395267
Sm-Ge-Ir,2335.1834014726446,0.23351834014726447
Sm-Ge-Mn,3670.4671479703898,0.367046714797039
Sm-Ge-Mo,3645.066224974268,0.3645066224974268
Sm-Ge-Nb,2010.591447632651,0.20105914476326509
Sm-Ge-Ni,2154.2922427874782,0.21542922427874783
Sm-Ge-Os,2611.152318549938,0.2611152318549938
Sm-Ge-Pd,2516.324122842501,0.2516324122842501
Sm-Ge-Pt,2395.5736718279204,0.23955736718279205
Sm-Ge-Re,2199.420521909108,0.21994205219091081
Sm-Ge-Rh,2431.591760699945,0.24315917606999451
Sm-Ge-Ru,2770.077997917495,0.2770077997917495
Sm-Ge-Ta,2198.091325700257,0.2198091325700257
Sm-Ge-Tc,3446.237851793225,0.3446237851793225
Sm-Ge-Ti,3460.536220063675,0.3460536220063675
Sm-Ge-V,3342.6666663895758,0.3342666666389576
Sm-Ge-W,2212.179625331789,0.22121796253317888
Sm-Ge-Zn,2375.375702004831,0.2375375702004831
Sm-Ge-Zr,2715.2826784493377,0.2715282678449338
Sm-Pb-Ag,2750.40811550815,0.275040811550815
Sm-Pb-Au,2385.0102761914086,0.23850102761914085
Sm-Pb-Cd,2433.811239056486,0.24338112390564862
Sm-Pb-Co,3359.1776302338617,0.33591776302338616
Sm-Pb-Cr,3357.3337231153814,0.33573337231153816
Sm-Pb-Cu,2155.9832439506695,0.21559832439506696
Sm-Pb-Fe,3321.601470133462,0.33216014701334623
Sm-Pb-Hf,3931.578679249613,0.39315786792496127
Sm-Pb-Hg,3809.1221551648136,0.38091221551648136
Sm-Pb-Ir,2245.5091268723963,0.22455091268723965
Sm-Pb-Mn,2255.306076552418,0.22553060765524177
Sm-Pb-Mo,2946.1506372579174,0.2946150637257917
Sm-Pb-Nb,2116.299511994478,0.2116299511994478
Sm-Pb-Ni,3334.8875853728864,0.33348875853728865
Sm-Pb-Os,2309.4861060098433,0.23094861060098432
Sm-Pb-Pd,2962.625970997812,0.2962625970997812
Sm-Pb-Pt,2303.0726711667794,0.23030726711667793
Sm-Pb-Re,1655.7363465492958,0.16557363465492958
Sm-Pb-Rh,2726.366119300798,0.27263661193007976
Sm-Pb-Ru,2695.0901688378262,0.26950901688378265
Sm-Pb-Ta,4252.729526260743,0.4252729526260743
Sm-Pb-Tc,2386.8938390457106,0.23868938390457106
Sm-Pb-Ti,2763.112548069444,0.2763112548069444
Sm-Pb-V,2695.1174582702843,0.2695117458270284
Sm-Pb-W,1236.3503496140968,0.12363503496140968
Sm-Pb-Zn,2311.7301012701955,0.23117301012701955
Sm-Pb-Zr,3800.4133907163014,0.3800413390716301
Sm-Si-Ag,3440.701635572076,0.3440701635572076
Sm-Si-Au,3282.105939357388,0.32821059393573876
Sm-Si-Cd,3924.831887041349,0.3924831887041349
Sm-Si-Co,2783.81024492128,0.27838102449212804
Sm-Si-Cr,3315.226711224662,0.3315226711224662
Sm-Si-Cu,2612.700938965988,0.2612700938965988
Sm-Si-Fe,1615.725813323834,0.1615725813323834
Sm-Si-Hf,4858.436053192841,0.48584360531928417
Sm-Si-Hg,3911.429833197167,0.3911429833197167
Sm-Si-Ir,3175.06438444533,0.31750643844453297
Sm-Si-Mn,3638.1558211212873,0.3638155821121287
Sm-Si-Mo,2535.5526317463787,0.2535552631746379
Sm-Si-Nb,3167.1078786138883,0.31671078786138884
Sm-Si-Ni,2659.2136998020287,0.2659213699802029
Sm-Si-Os,3348.4672367156372,0.3348467236715637
Sm-Si-Pd,2371.151498451177,0.2371151498451177
Sm-Si-Pt,4086.211212731275,0.4086211212731275
Sm-Si-Re,2119.3880357460484,0.21193880357460484
Sm-Si-Rh,2008.3056492946957,0.20083056492946957
Sm-Si-Ru,2162.11036903854,0.216211036903854
Sm-Si-Ta,4001.7286709078794,0.4001728670907879
Sm-Si-Tc,4023.1595597126675,0.40231595597126674
Sm-Si-Ti,2517.976097214181,0.2517976097214181
Sm-Si-V,2632.7043421591775,0.2632704342159177
Sm-Si-W,2891.63727491445,0.289163727491445
Sm-Si-Zn,2613.6669059468336,0.26136669059468337
Sm-Si-Zr,2228.320247191503,0.22283202471915028
Sm-Sn-Ag,1950.8894656047567,0.19508894656047568
Sm-Sn-Au,2834.46595842838,0.283446595842838
Sm-Sn-Cd,4485.069199884244,0.4485069199884244
Sm-Sn-Co,3410.292498601146,0.34102924986011457
Sm-Sn-Cr,1752.4629375985933,0.17524629375985934
Sm-Sn-Cu,2134.1258362688627,0.21341258362688628
Sm-Sn-Fe,3629.983112788184,0.3629983112788184
Sm-Sn-Hf,3335.676711344876,0.3335676711344876
Sm-Sn-Hg,3672.4934753360453,0.36724934753360455
Sm-Sn-Ir,2258.3607251257613,0.22583607251257612
Sm-Sn-Mn,2157.057174827256,0.2157057174827256
Sm-Sn-Mo,2312.098315419196,0.2312098315419196
Sm-Sn-Nb,3069.5151601675275,0.30695151601675275
Sm-Sn-Ni,1978.1342828089766,0.19781342828089765
Sm-Sn-Os,2627.4684349338795,0.26274684349338795
Sm-Sn-Pd,2239.786327365536,0.2239786327365536
Sm-Sn-Pt,2917.551243627436,0.29175512436274365
Sm-Sn-Re,3133.5788588912146,0.31335788588912145
Sm-Sn-Rh,2598.4022210409744,0.25984022210409746
Sm-Sn-Ru,2582.262477871249,0.2582262477871249
Sm-Sn-Ta,1373.0250194632113,0.13730250194632113
Sm-Sn-Tc,3110.4293027642366,0.31104293027642366
Sm-Sn-Ti,3516.258512789464,0.3516258512789464
Sm-Sn-V,2738.4450808390334,0.2738445080839033
Sm-Sn-W,2242.2838236250495,0.22422838236250495
Sm-Sn-Zn,2198.1937251045306,0.21981937251045305
Sm-Sn-Zr,3395.1365654522733,0.3395136565452273
Tb-Ge-Ag,3656.0346361687057,0.36560346361687057
Tb-Ge-Au,6629.677645548497,0.6629677645548497
Tb-Ge-Cd,4649.521381659451,0.46495213816594516
Tb-Ge-Co,4687.408296065285,0.4687408296065285
Tb-Ge-Cr,2277.6051533084874,0.22776051533084873
Tb-Ge-Cu,3519.178766007542,0.3519178766007542
Tb-Ge-Fe,3168.2235319741867,0.3168223531974187
Tb-Ge-Hf,1702.0554734158384,0.17020554734158383
Tb-Ge-Hg,5481.815900823156,0.5481815900823156
Tb-Ge-Ir,5132.9000922891155,0.5132900092289115
Tb-Ge-Mn,3040.171467512693,0.30401714675126934
Tb-Ge-Mo,6421.9246424366065,0.6421924642436606
Tb-Ge-Nb,5233.647575953899,0.5233647575953899
Tb-Ge-Ni,4141.68944000746,0.414168944000746
Tb-Ge-Os,3795.1822765627194,0.3795182276562719
Tb-Ge-Pd,1949.7592247139607,0.19497592247139608
Tb-Ge-Pt,5304.2155125683985,0.5304215512568399
Tb-Ge-Re,3779.9329813784707,0.37799329813784704
Tb-Ge-Rh,2262.235864126977,0.2262235864126977
Tb-Ge-Ru,2911.733854131842,0.29117338541318416
Tb-Ge-Ta,3561.8299871095387,0.3561829987109539
Tb-Ge-Tc,6757.235138203927,0.6757235138203926
Tb-Ge-Ti,5704.884854205318,0.5704884854205319
Tb-Ge-V,10757.441087656083,1.0757441087656083
Tb-Ge-W,4430.809233503587,0.4430809233503587
Tb-Ge-Zn,4742.120935057475,0.47421209350574756
Tb-Ge-Zr,2699.144579725924,0.2699144579725924
Tb-Pb-Ag,2281.0474771961485,0.22810474771961486
Tb-Pb-Au,4950.680071474981,0.49506800714749805
Tb-Pb-Cd,2407.0645643951616,0.24070645643951616
Tb-Pb-Co,2491.1898382476224,0.24911898382476225
Tb-Pb-Cr,7218.248052939053,0.7218248052939054
Tb-Pb-Cu,4592.981663476546,0.4592981663476546
Tb-Pb-Fe,3435.6967557708294,0.34356967557708296
Tb-Pb-Hf,4917.533222284807,0.4917533222284807
Tb-Pb-Ir,4817.984469656241,0.4817984469656241
Tb-Pb-Mn,2066.8949542426353,0.20668949542426354
Tb-Pb-Mo,3211.2366685921756,0.32112366685921756
Tb-Pb-Nb,3976.988290283744,0.3976988290283744
Tb-Pb-Ni,4781.540535704873,0.4781540535704873
Tb-Pb-Os,4502.478278593056,0.45024782785930556
Tb-Pb-Pd,5198.120351754944,0.5198120351754943
Tb-Pb-Pt,4717.060879119346,0.47170608791193464
Tb-Pb-Re,4393.338373573885,0.4393338373573885
Tb-Pb-Rh,4612.232680933269,0.4612232680933269
Tb-Pb-Ru,6103.448977318303,0.6103448977318303
Tb-Pb-Ta,4306.005354356262,0.43060053543562615
Tb-Pb-Tc,5142.483516900884,0.5142483516900884
Tb-Pb-Ti,5768.716551942142,0.5768716551942142
Tb-Pb-V,6417.857174412002,0.6417857174412002
Tb-Pb-W,1398.055417243176,0.13980554172431758
Tb-Pb-Zn,4491.490380494744,0.4491490380494744
Tb-Pb-Zr,2891.0025197133814,0.28910025197133815
Tb-Si-Ag,3260.9610067692015,0.32609610067692013
Tb-Si-Au,4084.1306234146177,0.4084130623414618
Tb-Si-Cd,3526.087902230542,0.3526087902230542
Tb-Si-Co,6626.758675974432,0.6626758675974431
Tb-Si-Cr,6132.88038625765,0.613288038625765
Tb-Si-Cu,6785.449853414112,0.6785449853414112
Tb-Si-Fe,1752.7070144137408,0.17527070144137408
Tb-Si-Hf,4920.1514545763985,0.49201514545763986
Tb-Si-Hg,3395.6626161598456,0.3395662616159846
Tb-Si-Ir,7263.077511069032,0.7263077511069032
Tb-Si-Mn,5674.067467871459,0.5674067467871459
Tb-Si-Mo,7519.634635424219,0.7519634635424218
Tb-Si-Nb,5648.150555565681,0.5648150555565681
Tb-Si-Ni,4964.548535277273,0.4964548535277273
Tb-Si-Os,5150.533664562734,0.5150533664562734
Tb-Si-Pd,2562.1617843726976,0.25621617843726974
Tb-Si-Pt,6811.544874798101,0.6811544874798101
Tb-Si-Re,4397.377410846071,0.4397377410846071
Tb-Si-Rh,1910.4684282463106,0.19104684282463105
Tb-Si-Ru,2245.845471504586,0.22458454715045859
Tb-Si-Ta,3879.8573687636585,0.38798573687636584
Tb-Si-Tc,4127.5729075649,0.41275729075649
Tb-Si-Ti,2220.2972022740933,0.22202972022740933
Tb-Si-V,2091.248136112678,0.20912481361126778
Tb-Si-W,3802.0408601300796,0.380204086013008
Tb-Si-Zn,4759.085939952668,0.4759085939952668
Tb-Si-Zr,3725.088421772426,0.3725088421772426
Tb-Sn-Ag,2304.0626997742393,0.23040626997742392
Tb-Sn-Au,5873.052092091575,0.5873052092091575
Tb-Sn-Cd,4341.662205616211,0.43416622056162113
Tb-Sn-Co,2924.9218543305087,0.2924921854330509
Tb-Sn-Cr,1889.019808431452,0.1889019808431452
Tb-Sn-Cu,4541.0833996329475,0.45410833996329475
Tb-Sn-Fe,3096.6534396906272,0.3096653439690627
Tb-Sn-Hf,2938.6748714697824,0.29386748714697825
Tb-Sn-Hg,6046.700977541801,0.6046700977541801
Tb-Sn-Ir,4076.0400092190725,0.40760400092190724
Tb-Sn-Mn,2191.6545454126203,0.21916545454126204
Tb-Sn-Mo,4474.0200001511585,0.4474020000151158
Tb-Sn-Nb,2972.686724976222,0.29726867249762223
Tb-Sn-Ni,5285.816400716521,0.5285816400716521
Tb-Sn-Os,4823.399243413254,0.48233992434132544
Tb-Sn-Pd,2006.4475719315546,0.20064475719315547
Tb-Sn-Pt_valence,3548.971155400904,0.3548971155400904
Tb-Sn-Re,4042.8250137430914,0.40428250137430916
Tb-Sn-Rh,2875.173970723148,0.28751739707231483
Tb-Sn-Ru,7460.347370735816,0.7460347370735816
Tb-Sn-Ta,1268.2442131978407,0.12682442131978408
Tb-Sn-Tc,6572.35364276743,0.657235364276743
Tb-Sn-Ti,5855.003419943687,0.5855003419943687
Tb-Sn-V,2324.7142554824645,0.23247142554824646
Tb-Sn-W,4650.143198778044,0.46501431987780445
Tb-Sn-Zn,3479.671234293666,0.34796712342936664
Tb-Sn-Zr,3683.7146601804247,0.3683714660180425
Tm-Ge-Ag,2734.0595986986677,0.27340595986986677
Tm-Ge-Au,3420.6515495648387,0.3420651549564839
Tm-Ge-Cd,3648.4101286546716,0.36484101286546716
Tm-Ge-Co,3497.7552495695163,0.34977552495695163
Tm-Ge-Cr,1587.347690426856,0.1587347690426856
Tm-Ge-Cu,4269.767463542138,0.4269767463542138
Tm-Ge-Fe,3610.9173383825732,0.3610917338382573
Tm-Ge-Hf,3728.807550846598,0.3728807550846598
Tm-Ge-Hg,3122.3208015027667,0.31223208015027665
Tm-Ge-Ir,2859.542500807732,0.2859542500807732
Tm-Ge-Mn,3246.631789676263,0.3246631789676263
Tm-Ge-Mo,2030.9967011576168,0.2030996701157617
Tm-Ge-Nb,2869.2917515639083,0.2869291751563908
Tm-Ge-Ni,3239.268471347983,0.3239268471347983
Tm-Ge-Os,5795.238561404573,0.5795238561404573
Tm-Ge-Pd,3893.3232000275757,0.3893323200027576
Tm-Ge-Pt,1273.2316832105641,0.12732316832105642
Tm-Ge-Re,4899.357459409555,0.4899357459409555
Tm-Ge-Rh,3909.059821968314,0.39090598219683137
Tm-Ge-Ru,3457.403299826707,0.34574032998267074
Tm-Ge-Ta,3893.0812035691415,0.38930812035691414
Tm-Ge-Tc,1725.3479429810586,0.17253479429810586
Tm-Ge-Ti,3992.832881825458,0.3992832881825458
Tm-Ge-V,18724.02216625946,1.872402216625946
Tm-Ge-W,4325.651516887032,0.4325651516887032
Tm-Ge-Zn,6254.201163180496,0.6254201163180496
Tm-Ge-Zr,4388.2239124466105,0.43882239124466105
Tm-Pb-Ag,3461.727351648408,0.34617273516484076
Tm-Pb-Au_valence,1635.7866150054986,0.16357866150054987
Tm-Pb-Cd,3708.740592460273,0.3708740592460273
Tm-Pb-Co,3510.0231086278536,0.3510023108627854
Tm-Pb-Cr_valence,3010.353898933943,0.3010353898933943
Tm-Pb-Cu,4029.759887054847,0.4029759887054847
Tm-Pb-Fe,3448.8108774712828,0.3448810877471283
Tm-Pb-Hf,2903.8404894219,0.29038404894219
Tm-Pb-Hg_valence,2295.045229364579,0.2295045229364579
Tm-Pb-Ir_valence,1735.5068003689082,0.1735506800368908
Tm-Pb-Mn,2630.740931866252,0.2630740931866252
Tm-Pb-Mo,2994.877835496219,0.2994877835496219
Tm-Pb-Nb,3776.0982534533528,0.37760982534533527
Tm-Pb-Ni_valence,3420.6797399379793,0.34206797399379796
Tm-Pb-Os_valence,1786.062364416231,0.1786062364416231
Tm-Pb-Pd,3628.349752938119,0.36283497529381187
Tm-Pb-Pt_valence,2143.6661830448916,0.21436661830448916
Tm-Pb-Re,3350.9174984742526,0.33509174984742524
Tm-Pb-Rh,5027.948936437744,0.5027948936437744
Tm-Pb-Ru,2071.006106733255,0.2071006106733255
Tm-Pb-Ta,6619.714948411396,0.6619714948411396
Tm-Pb-Tc,2387.493349935704,0.2387493349935704
Tm-Pb-Ti,4140.178159678098,0.41401781596780984
Tm-Pb-V,5173.323383930774,0.5173323383930775
Tm-Pb-W,3652.183735075112,0.3652183735075112
Tm-Pb-Zn,7861.101183935647,0.7861101183935647
Tm-Pb-Zr,3669.0169332287437,0.36690169332287437
Tm-Si-Ag,2510.235224824886,0.2510235224824886
Tm-Si-Au,4547.404279054014,0.4547404279054014
Tm-Si-Cd_valence,3033.2512736187887,0.3033251273618789
Tm-Si-Co,4733.295345013514,0.47332953450135135
Tm-Si-Cr,5494.106415736881,0.5494106415736881
Tm-Si-Cu,4070.3975985081897,0.40703975985081897
Tm-Si-Fe,1681.2529440117335,0.16812529440117335
Tm-Si-Hf,9261.276582525328,0.9261276582525328
Tm-Si-Hg,10265.158542914582,1.026515854291458
Tm-Si-Ir,1497.026414833996,0.1497026414833996
Tm-Si-Mn,6502.978327162212,0.6502978327162212
Tm-Si-Mo,2432.2196686082284,0.24322196686082284
Tm-Si-Nb,3328.1981662470785,0.33281981662470783
Tm-Si-Ni,6044.790069526234,0.6044790069526235
Tm-Si-Os,8903.115620702762,0.8903115620702762
Tm-Si-Pd,3178.910130400488,0.3178910130400488
Tm-Si-Pt,4445.097884867835,0.4445097884867835
Tm-Si-Re,3684.4691640288306,0.3684469164028831
Tm-Si-Rh,3167.3824831304737,0.31673824831304737
Tm-Si-Ru,2391.158475035952,0.2391158475035952
Tm-Si-Ta,4920.275640548971,0.49202756405489706
Tm-Si-Tc,2530.6206127747496,0.25306206127747494
Tm-Si-Ti,2541.841147695486,0.2541841147695486
Tm-Si-V,2839.0860902000877,0.28390860902000875
Tm-Si-W,7383.1714816983595,0.738317148169836
Tm-Si-Zn,5353.389607521091,0.5353389607521092
Tm-Si-Zr,4724.445116751278,0.4724445116751278
Tm-Sn-Ag,2891.4470600352047,0.2891447060035205
Tm-Sn-Au,1352.524734397304,0.1352524734397304
Tm-Sn-Cd,4402.643986597639,0.4402643986597639
Tm-Sn-Co,3019.45153516406,0.301945153516406
Tm-Sn-Cr,1564.2844434381918,0.1564284443438192
Tm-Sn-Cu,3365.195753158598,0.3365195753158598
Tm-Sn-Fe,2958.698905636195,0.2958698905636195
Tm-Sn-Hf,3710.8210746229893,0.3710821074622989
Tm-Sn-Hg_valence,2011.512390533714,0.2011512390533714
Tm-Sn-Ir,3775.805550030472,0.3775805550030472
Tm-Sn-Mn,2017.4789413966623,0.20174789413966623
Tm-Sn-Mo,9267.159890248013,0.9267159890248012
Tm-Sn-Nb,5333.6037282313055,0.5333603728231305
Tm-Sn-Ni,4732.893726051717,0.4732893726051717
Tm-Sn-Os,4920.239086341707,0.49202390863417067
Tm-Sn-Pd,3294.7120758523706,0.32947120758523707
Tm-Sn-Pt,4547.323268330783,0.45473232683307835
Tm-Sn-Re,5536.725903245258,0.5536725903245259
Tm-Sn-Rh_valence,2925.5785589225925,0.29255785589225924
Tm-Sn-Ru,1924.3776557442914,0.19243776557442913
Tm-Sn-Ta,2864.86406547309,0.286486406547309
Tm-Sn-Tc,2093.8277913684547,0.20938277913684547
Tm-Sn-Ti,5562.821363413435,0.5562821363413435
Tm-Sn-V,3224.572340137108,0.3224572340137108
Tm-Sn-W,4345.306769315388,0.4345306769315388
Tm-Sn-Zn,2790.172569161439,0.2790172569161439
Tm-Sn-Zr,4244.158764827516,0.42441587648275164
U-Ge-Ag,1627.1343504629856,0.16271343504629857
U-Ge-Au,1815.8045123192483,0.18158045123192482
U-Ge-Cd,1463.4917376137714,0.14634917376137715
U-Ge-Co,1490.1034504908898,0.14901034504908897
U-Ge-Cr,2246.592918228423,0.2246592918228423
U-Ge-Cu,1097.8659718470014,0.10978659718470014
U-Ge-Fe,1232.261646498601,0.12322616464986011
U-Ge-Hf,2345.95506656892,0.234595506656892
U-Ge-Hg,1748.6471990441917,0.17486471990441918
U-Ge-Ir,1535.9371708963886,0.15359371708963887
U-Ge-Mn,2090.264016252625,0.2090264016252625
U-Ge-Mo,2157.484909077559,0.2157484909077559
U-Ge-Nb,2824.0203729984696,0.282402037299847
U-Ge-Ni,981.0260263854278,0.09810260263854279
U-Ge-Os,1705.2867692014902,0.17052867692014903
U-Ge-Pd,1311.6727273140118,0.1311672727314012
U-Ge-Pt,1515.7163449689638,0.15157163449689637
U-Ge-Re,1872.14698459013,0.187214698459013
U-Ge-Rh,2068.901972986959,0.20689019729869593
U-Ge-Ru,2997.18229050759,0.299718229050759
U-Ge-Ta,1965.2495178281197,0.19652495178281196
U-Ge-Tc,2333.525970372125,0.23335259703721248
U-Ge-Ti,2446.2153237146354,0.24462153237146353
U-Ge-V,1925.5420458539706,0.19255420458539707
U-Ge-W,1419.760183292946,0.1419760183292946
U-Ge-Zn,1336.769652027384,0.1336769652027384
U-Ge-Zr,2310.9120126441994,0.23109120126441995
U-Pb-Ag,1412.6143560883716,0.14126143560883717
U-Pb-Au,1358.409545068889,0.1358409545068889
U-Pb-Cd,1317.0838308702882,0.1317083830870288
U-Pb-Co,1365.1430094947427,0.13651430094947428
U-Pb-Cr,2105.995893122583,0.21059958931225828
U-Pb-Cu,1075.4578815618001,0.10754578815618002
U-Pb-Fe,1723.9853589411687,0.17239853589411686
U-Pb-Hf,1450.5299434863,0.14505299434863
U-Pb-Hg,1827.8134587572697,0.18278134587572697
U-Pb-Ir,1335.3512399094375,0.13353512399094375
U-Pb-Mn,2477.888069551312,0.24778880695513122
U-Pb-Mo,2200.1822714640384,0.22001822714640384
U-Pb-Nb,2962.985391796312,0.29629853917963117
U-Pb-Ni,1008.2434377027259,0.10082434377027259
U-Pb-Os,1469.8982604063592,0.14698982604063593
U-Pb-Pd,1253.8868766219425,0.12538868766219424
U-Pb-Pt,1614.6819114937687,0.16146819114937686
U-Pb-Re,1309.8796228530307,0.13098796228530307
U-Pb-Rh,1750.6038721421967,0.17506038721421968
U-Pb-Ru,2008.0454833926224,0.20080454833926223
U-Pb-Ta,2108.8290465308983,0.21088290465308981
U-Pb-Tc,2359.5626545420746,0.23595626545420745
U-Pb-Ti,2474.2546684128356,0.24742546684128355
U-Pb-V,2712.9497441529766,0.27129497441529765
U-Pb-W,1643.0806527954692,0.16430806527954692
U-Pb-Zn,1627.755999906936,0.1627755999906936
U-Pb-Zr,2477.8966559273376,0.24778966559273377
U-Si-Ag,1373.785867301736,0.1373785867301736
U-Si-Au,1342.0150084266672,0.13420150084266672
U-Si-Cd,1656.400275818098,0.1656400275818098
U-Si-Co,1135.5301652299631,0.11355301652299632
U-Si-Cr,1939.3237223692968,0.1939323722369297
U-Si-Cu,1161.9924527500802,0.11619924527500802
U-Si-Fe,1343.914811597971,0.1343914811597971
U-Si-Hf,1625.1362700226045,0.16251362700226046
U-Si-Hg,2414.699080792309,0.24146990807923088
U-Si-Ir,1390.3492237027633,0.13903492237027634
U-Si-Mn,2352.375430030621,0.2352375430030621
U-Si-Mo,1994.3102277385215,0.19943102277385213
U-Si-Nb,2350.7502051528895,0.23507502051528895
U-Si-Ni,1005.4951584579117,0.10054951584579117
U-Si-Os,1993.3281978191935,0.19933281978191936
U-Si-Pd,1695.180017098156,0.1695180017098156
U-Si-Pt,1536.7192001624314,0.15367192001624314
U-Si-Re,1692.2864464223,0.16922864464223
U-Si-Rh,2205.5836037525564,0.22055836037525564
U-Si-Ru,2352.1236271162893,0.23521236271162893
U-Si-Ta,2502.0828553020974,0.25020828553020974
U-Si-Tc,2364.51973619703,0.236451973619703
U-Si-Ti,2805.796441404488,0.28057964414044884
U-Si-V,1861.8403717566948,0.18618403717566948
U-Si-W,1215.6358536954992,0.12156358536954992
U-Si-Zn,1563.3770089421275,0.15633770089421276
U-Si-Zr,2262.6891865576636,0.22626891865576634
U-Sn-Ag,1143.7664640027929,0.11437664640027928
U-Sn-Au,1623.3029039523656,0.16233029039523655
U-Sn-Cd,1441.6895905166748,0.1441689590516675
U-Sn-Co,1211.175902245338,0.12111759022453379
U-Sn-Cr,1730.2033657474703,0.17302033657474702
U-Sn-Cu,1337.1640207938522,0.1337164020793852
U-Sn-Fe,1222.569853168998,0.1222569853168998
U-Sn-Hf,2792.8775254247307,0.27928775254247307
U-Sn-Hg,1754.4883449018548,0.17544883449018547
U-Sn-Ir,1210.946280737065,0.12109462807370651
U-Sn-Mn,2346.2064607975453,0.23462064607975452
U-Sn-Mo,2476.9840644662945,0.24769840644662944
U-Sn-Nb,2795.975935293561,0.2795975935293561
U-Sn-Ni,1138.0696213840693,0.11380696213840692
U-Sn-Os,1298.2622004798475,0.12982622004798475
U-Sn-Pd,1316.2541105384967,0.13162541105384967
U-Sn-Pt,1477.6743355711628,0.14776743355711627
U-Sn-Re,1248.6871055515176,0.12486871055515175
U-Sn-Rh,1687.732450583017,0.1687732450583017
U-Sn-Ru,1819.824404577448,0.18198244045774478
U-Sn-Ta,2045.7275342063251,0.20457275342063252
U-Sn-Tc,2407.6909423248053,0.24076909423248052
U-Sn-Ti,2563.2746818257797,0.25632746818257796
U-Sn-V,2003.9802260558517,0.20039802260558517
U-Sn-W,1258.8027622276559,0.1258802762227656
U-Sn-Zn,2089.8741625150283,0.20898741625150283
U-Sn-Zr,2194.1273601401804,0.21941273601401803
Yb-Ge-Ag,3347.711257267846,0.33477112572678464
Yb-Ge-Au,1115.5145376669625,0.11155145376669624
Yb-Ge-Cd,3618.41887137202,0.361841887137202
Yb-Ge-Co,3960.9285505764683,0.39609285505764685
Yb-Ge-Cr,1570.6776043318216,0.15706776043318216
Yb-Ge-Cu,4038.1117111517115,0.4038111711151711
Yb-Ge-Fe,2607.690903526822,0.2607690903526822
Yb-Ge-Hf,3911.3195979237585,0.39113195979237586
Yb-Ge-Hg,4054.5490357914246,0.40545490357914243
Yb-Ge-Ir,4494.506431876671,0.4494506431876671
Yb-Ge-Mn,2795.0039286384663,0.27950039286384665
Yb-Ge-Mo,2362.6362346185997,0.23626362346185997
Yb-Ge-Nb,3657.154329934764,0.3657154329934764
Yb-Ge-Ni,3979.879928554912,0.3979879928554912
Yb-Ge-Os,5994.225557712011,0.5994225557712012
Yb-Ge-Pd,3162.6382122312853,0.3162638212231285
Yb-Ge-Pt,3243.5520286588044,0.32435520286588043
Yb-Ge-Re,4797.166133513521,0.47971661335135213
Yb-Ge-Rh,4931.971106298669,0.4931971106298669
Yb-Ge-Ru,3583.511279050275,0.3583511279050275
Yb-Ge-Ta,3856.633242105721,0.3856633242105721
Yb-Ge-Tc,1835.2331710033554,0.18352331710033554
Yb-Ge-Ti,4918.082204910792,0.4918082204910792
Yb-Ge-V,9074.55818085541,0.9074558180855411
Yb-Ge-W,4439.877900664557,0.4439877900664557
Yb-Ge-Zn,3991.8921749013552,0.39918921749013553
Yb-Ge-Zr,8367.249536367715,0.8367249536367716
Yb-Pb-Ag,3329.151170876669,0.3329151170876669
Yb-Pb-Cd,2781.138751304614,0.2781138751304614
Yb-Pb-Co,3074.184702763133,0.3074184702763133
Yb-Pb-Cr,2242.152916180521,0.2242152916180521
Yb-Pb-Cu,3755.627368091756,0.3755627368091756
Yb-Pb-Hf,4300.91515964263,0.430091515964263
Yb-Pb-Ir,5871.917295596413,0.5871917295596413
Yb-Pb-Mn,3411.0078146382093,0.34110078146382095
Yb-Pb-Mo,8311.88525444476,0.831188525444476
Yb-Pb-Nb,5584.836842685027,0.5584836842685027
Yb-Pb-Ni,4780.89683830881,0.478089683830881
Yb-Pb-Os,5138.306707069912,0.5138306707069912
Yb-Pb-Pd,4486.955506739689,0.4486955506739689
Yb-Pb-Re,4280.681082798693,0.4280681082798693
Yb-Pb-Rh,2254.3656404780404,0.22543656404780404
Yb-Pb-Ru,2518.2487069763197,0.251824870697632
Yb-Pb-Ta,3920.5271149671485,0.39205271149671483
Yb-Pb-Tc,3190.626530372297,0.3190626530372297
Yb-Pb-Ti,6055.936910588876,0.6055936910588876
Yb-Pb-V,2415.35829002798,0.241535829002798
Yb-Pb-W,3957.943674575546,0.3957943674575546
Yb-Pb-Zn,5128.044962920063,0.5128044962920063
Yb-Pb-Zr,5467.39050034211,0.546739050034211
Yb-Si-Ag,2189.8671089955296,0.21898671089955296
Yb-Si-Au,4564.503911868702,0.4564503911868702
Yb-Si-Co,5497.343918509493,0.5497343918509493
Yb-Si-Cr,4175.337091006487,0.4175337091006487
Yb-Si-Cu,4740.28755453687,0.47402875545368695
Yb-Si-Fe,1657.5133886311228,0.16575133886311227
Yb-Si-Hf,3703.856623570336,0.37038566235703363
Yb-Si-Hg,4234.949103534544,0.4234949103534544
Yb-Si-Ir,3082.0674288990053,0.3082067428899005
Yb-Si-Mn,5039.704946701919,0.5039704946701918
Yb-Si-Mo,2376.06547606413,0.237606547606413
Yb-Si-Nb,2745.507151511736,0.27455071515117363
Yb-Si-Ni,4585.304338320872,0.45853043383208725
Yb-Si-Os,4026.5383202642706,0.40265383202642707
Yb-Si-Pd,2919.354886514438,0.2919354886514438
Yb-Si-Pt,1263.5956417777315,0.12635956417777316
Yb-Si-Re,6158.357982135673,0.6158357982135674
Yb-Si-Rh,5001.075735371882,0.5001075735371882
Yb-Si-Ru,2734.9502447367254,0.2734950244736725
Yb-Si-Ta,4827.952443516162,0.4827952443516162
Yb-Si-Tc,1904.1156274147406,0.19041156274147406
Yb-Si-Ti,2537.1806846338345,0.25371806846338346
Yb-Si-V,2364.1852812488796,0.23641852812488795
Yb-Si-W,5191.86957154749,0.5191869571547489
Yb-Si-Zn,4162.581140668781,0.41625811406687807
Yb-Si-Zr,5500.934007800218,0.5500934007800218
Yb-Sn-Ag,5055.630993372547,0.5055630993372547
Yb-Sn-Au,3909.937367156484,0.3909937367156484
Yb-Sn-Cd,3338.0496103049345,0.33380496103049345
Yb-Sn-Co,2921.395853933501,0.29213958539335005
Yb-Sn-Cr,1600.4069161271723,0.16004069161271722
Yb-Sn-Cu,3209.670090193984,0.3209670090193984
Yb-Sn-Fe_valence,2771.15996707202,0.277115996707202
Yb-Sn-Hf,3771.3016079119716,0.37713016079119716
Yb-Sn-Hg,1371.5201072463574,0.13715201072463573
Yb-Sn-Ir,6327.536885911497,0.6327536885911497
Yb-Sn-Mn,2060.910166164416,0.20609101661644158
Yb-Sn-Mo,2733.461365538419,0.27334613655384193
Yb-Sn-Nb,6178.998357561084,0.6178998357561084
Yb-Sn-Ni,3410.727891431181,0.3410727891431181
Yb-Sn-Os,5794.703734066919,0.5794703734066919
Yb-Sn-Pd,4719.9551478338035,0.47199551478338037
Yb-Sn-Pt,3568.2728832446264,0.35682728832446264
Yb-Sn-Re,4785.998997521248,0.47859989975212486
Yb-Sn-Rh,3801.219034279232,0.3801219034279232
Yb-Sn-Ru,1970.933029647265,0.1970933029647265
Yb-Sn-Ta,3604.7921335359842,0.36047921335359845
Yb-Sn-Tc,2381.851821547776,0.2381851821547776
Yb-Sn-Ti,5381.685711914559,0.5381685711914559
Yb-Sn-V,2501.747905057769,0.2501747905057769
Yb-Sn-W,5264.970272628766,0.5264970272628766
Yb-Sn-Zn,3870.449123336584,0.3870449123336584
Yb-Sn-Zr,5285.386158041659,0.5285386158041658
