name,e_form,e_above_hull,e_decomp
Mn6Pb6U,0.4512291363429564,0.4357822943947088,0.0154468419482476
Mn6Sn6U,-0.016850733343867,0.0024872253536808,-0.0193379586975478
Fe6Pb6U,0.5369764451250271,0.5274193657814908,0.0095570793435362
Cr6Pb6U,0.5790608979917992,0.5088551481524469,0.0702057498393522
Mn6UGe6,-0.1943098661697659,-0.0361884499619526,-0.1581214162078132
Pb6Tc6U,0.4910784544543127,0.4686692333591767,0.0224092210951359
Fe6Sn6U,-0.0023159108149745,0.0112258708799073,-0.0135417816948818
Fe6UGe6,-0.186991071341751,-0.0259774851356455,-0.1610135862061054
Co6Pb6U,0.4398785537456368,0.472735063031932,-0.0328565092862952
Ni6Pb6U,0.1912138207634895,0.306092296351858,-0.1148784755883684
Ni6Sn6U,-0.1749985114041156,0.0392028474507217,-0.2142013588548373
Co6Sn6U,-0.0292332115126732,0.0791382909676295,-0.1083715024803027
Pb6Rh6U,-0.0550858348842131,0.1960701265779686,-0.2511559614621818
Pb6Ru6U,0.3957270897078866,0.464678233006871,-0.0689511432989844
Ru6Sn6U,-0.1452862062726449,0.0835241714229102,-0.2288103776955551
Sn6Tc6U,-0.0222333075811134,0.0069206808173284,-0.0291539883984418
Os6Pb6U,0.7043372500523529,0.6895293172068989,0.014807932845454
Rh6Sn6U,-0.4524804713812621,0.0351649270050935,-0.4876453983863556
Cr6Sn6U,0.1503040851073102,0.1316615447615358,0.0186425403457743
Rh6UGe6,-0.4907416089372768,0.0500984479721179,-0.5408400569093947
Co6UGe6,-0.2493368615275069,0.0131529323282697,-0.2624897938557766
Ru6UGe6,-0.3046290605279634,0.0143010112946538,-0.3189300718226173
Cr6UGe6,-0.1143917584693886,0.0360911557149051,-0.1504829141842937
Mn6USi6,-0.3849537079581925,0.0643416660207405,-0.449295373978933
Tc6UGe6,-0.1726977064390349,-0.0674961386172431,-0.1052015678217917
Mo6Sn6U,0.0669184783689736,0.0645626449644413,0.0023558334045322
Mo6UGe6,-0.1357985091327789,0.0645387060590163,-0.2003372151917952
Os6UGe6,-0.0832709110387056,0.040166004713526,-0.1234369157522316
Cr6USi6,-0.2705903739438851,0.0476586239794466,-0.3182489979233317
Fe6USi6,-0.4057533334665034,0.0970661297630253,-0.5028194632295288
Tc6USi6,-0.3422215358240029,0.1872835315666961,-0.529505067390699
Co6USi6,-0.4881197696333911,0.0840590026565123,-0.5721787722899034
Sn6UV6,-0.061062214544702,0.0144061979474397,-0.0754684124921417
UV6Ge6,-0.3121273928879272,0.0190936983347084,-0.3312210912226356
Pb6Re6U,0.7887456445533544,0.7694920643729217,0.0192535801804326
Mo6Pb6U,0.6222018769299604,0.5682828340318502,0.0539190428981101
Re6Sn6U,0.2494841756715992,0.2842734298997501,-0.0347892542281508
Ru6USi6,-0.509875531590633,0.1456337068507806,-0.6555092384414136
Os6USi6,-0.355663039332439,0.0704999352969072,-0.4261629746293462
Pb6UV6,0.3790142537313469,0.3757338362912694,0.0032804174400774
Ir6Pb6U,0.2357744706177227,0.4215234856899162,-0.1857490150721935
Pb6Pd6U,-0.1735264176925164,0.1260632933577894,-0.2995897110503058
Ir6Sn6U,-0.2255919958833958,0.1800863188562978,-0.4056783147396936
Pd6Sn6U,-0.4354388820346512,0.0570597064938498,-0.4924985885285011
Re6USi6,-0.1652380853484028,0.1390979861232522,-0.304336071471655
Re6UGe6,0.0396374635260529,0.1327374403972296,-0.0930999768711766
Cu6Pb6U,0.1982210188781754,0.18553923079143,0.0126817880867453
Cu6Sn6U,0.029123113958728,0.0679311353205772,-0.0388080213618492
Rh6USi6,-0.700727550472528,0.108979234730987,-0.809706785203515
Ni6UGe6,-0.3046677314011434,0.0227469203172873,-0.3274146517184307
Os6Sn6U,0.0965072476209616,0.1100800252860944,-0.0135727776651327
Ir6UGe6,-0.3282733370814882,0.0573609011664514,-0.3856342382479397
UV6Si6,-0.3800841941497223,0.1254218651209361,-0.5055060592706584
Nb6USi6,-0.2666723220883376,0.2935085941909767,-0.5601809162793143
Ti6UGe6,-0.4907100742509468,0.1170617470819687,-0.6077718213329155
Mo6USi6,-0.2616983176027273,0.1641703523545684,-0.4258686699572958
Nb6Pb6U,0.2653484668277741,0.2533989131088768,0.0119495537188972
Sn6Ti6U,-0.3124260662245855,0.0141034944883878,-0.3265295607129734
Nb6Sn6U,-0.1207989448190858,0.0251259691679634,-0.1459249139870493
Nb6UGe6,-0.2687695695296963,0.1321625206694228,-0.4009320901991191
Pd6UGe6,-0.4125158150525655,0.0628672303468425,-0.475383045399408
Sn6UW6,0.3253485563171588,0.3379370539434861,-0.0125884976263273
Ni6USi6,-0.47679001823053,0.0610589027688873,-0.5378489209994174
UW6Ge6,0.0531150873062616,0.1107639582032154,-0.0576488708969538
UW6Si6,-0.0754667323240618,0.1796281690446011,-0.2550949013686629
Pb6Ti6U,0.0721380784730992,0.117699330332894,-0.0455612518597948
Pb6UW6,0.99482797407517,0.9558532622079194,0.0389747118672505
Ir6USi6,-0.5979751019610153,0.1404982588050544,-0.7384733607660697
Cu6UGe6,0.003616548796586,0.0987511635386638,-0.0951346147420778
Pd6USi6,-0.5025411025108523,0.077774139719698,-0.5803152422305503
Ta6UGe6,-0.1654383828677787,0.162171857354293,-0.3276102402220717
Pb6Ta6U,0.4162167705823586,0.4428556226042027,-0.0266388520218441
Sn6Ta6U,0.0745214759319824,0.1108215836225961,-0.0363001076906137
Hf6Sn6U,-0.2433343389488829,0.0923380947076545,-0.3356724336565375
Pb6UZr6,-0.1070732262549792,-0.0254172959209997,-0.0816559303339794
UZr6Ge6,-0.4552598427073108,0.3016286505321909,-0.7568884932395017
Sn6UZr6,-0.3469134627000464,0.1434585810477773,-0.4903720437478237
Ta6USi6,-0.2067049601040961,0.3029064306346417,-0.5096113907387378
UZr6Si6,-0.3460379615061577,0.5165776409089171,-0.8626156024150747
Hf6Pb6U,0.0744673745448085,0.0425668507009968,0.0319005238438116
Hf6UGe6,-0.3869959590409593,0.254642915386452,-0.6416388744274113
Ti6USi6,-0.4500173193341368,0.2781429966525088,-0.7281603159866457
Hf6USi6,-0.3255027046100998,0.4500188957033972,-0.775521600313497
Pt6Sn6U,-0.3883225033415894,0.1657042358430494,-0.5540267391846389
Pb6Pt6U,-0.0454781198880082,0.3106496466344185,-0.3561277665224267
Pt6UGe6,-0.3756771147145595,0.1224976955315991,-0.4981748102461586
Pt6USi6,-0.4924261819782611,0.2191141887646604,-0.7115403707429215
Ag6UGe6,0.1764896741702289,0.2542651442122741,-0.0777754700420452
Au6UGe6,0.0755398048350533,0.1517530176768211,-0.0762132128417678
Ag6Sn6U,0.0302645296726085,0.0839556262673759,-0.0536910965947674
Au6Sn6U,-0.038452750358403,0.1439249625608552,-0.1823777129192582
Hg6USi6,0.5255400061383656,0.6158549904304697,-0.090314984292104
Hg6UGe6,0.4467155007621823,0.5320012901283523,-0.08528578936617
Ag6Pb6U,0.0926496933407004,0.0738015806185412,0.0188481127221591
Au6USi6,0.1372931822126632,0.218535589980365,-0.0812424077677018
Hg6Sn6U,0.1899533843875726,0.2301788004831161,-0.0402254160955435
Au6Pb6U,0.0405657509674242,0.1619907875525889,-0.1214250365851647
Ag6USi6,0.2843412208971193,0.3671458858650985,-0.0828046649679792
Hg6Pb6U,0.1829237930920879,0.1715859996940535,0.0113377933980343
Cu6USi6,0.0144117078490178,0.1503851883748908,-0.135973480525873
PaPb6W6,0.9681142277494256,0.9358441166747954,0.0322701110746301
Pb6Re7,1.0167168039002017,1.004997672226701,0.0117191316735004
Mo7Pb6,0.7833368217304189,0.7282817544854547,0.0550550672449641
Sn6Ta7,0.1191574249011554,0.1055379223438597,0.0136195025572956
PaSn6W6,0.2613637748460725,0.2390114699810476,0.0223523048650248
NpPb6W6,0.9725197747735362,0.9337278354175498,0.0387919393559864
NdPb6W6,0.8735550917618844,0.9542155035597388,-0.0806604117978545
Mo6NdPb6,0.5117396051446821,0.5774556859116771,-0.0657160807669949
NpPb6Ta6,0.4795237968254928,0.506345421358601,-0.0268216245331082
Pb6PrW6,0.8610488007220399,0.9466412654549587,-0.0855924647329187
NpSn6W6,0.3205988802012729,0.3307850784572507,-0.0101861982559777
Nb6NpPb6,0.3565183260852758,0.3447515448776426,0.0117667812076331
NpPb6Re6,0.7965316066302142,0.7799404238760513,0.0165911827541628
CePb6W6,0.8468037545528287,0.9131487945019244,-0.0663450399490957
PaPb6Re6,0.7130298158122179,0.7029604613394114,0.0100693544728065
NdPb6Ta6,0.3096041577617628,0.4558781334487121,-0.1462739756869493
PaPb6Ta6,0.4132965433038851,0.4466399961183496,-0.0333434528144645
Pb6PmRe6,0.6405077034538001,0.6604747405386413,-0.0199670370848412
NpSn6Ta6,0.0603473071878288,0.094245115508093,-0.0338978083202642
Hf6NdPb6,-0.0930921248435805,-0.005357525022287,-0.0877345998212934
NdPb6Re6,0.6061830008149252,0.7090441692146033,-0.1028611683996781
Mo6PaPb6,0.6055606443163609,0.5583462022108712,0.0472144421054897
NdSn6W6,0.1915122410045433,0.3245183171662965,-0.1330060761617532
Mo6NpSn6,0.0825987126727297,0.0778405798978479,0.0047581327748818
Pb6PuTa6,0.4317327965731262,0.4563812740921082,-0.024648477518982
PrSn6W6,0.1859218437723714,0.3194033717082954,-0.133481527935924
Hf6PaPb6,0.0225939580952777,-0.0026019649559135,0.0251959230511912
Pb6PrTa6,0.3076004172169035,0.458806445838917,-0.1512060286220135
PaSn6Ta6,-0.013549927592906,-0.028487629753173,0.014937702160267
Mo6NpPb6,0.665781707856543,0.612045437469697,0.053736270386846
Mo6Pb6Pr,0.5004599472351222,0.5711080809371814,-0.0706481337020591
Mo6PaSn6,-0.0040530989597431,-0.0413497348556275,0.0372966358958844
NpPb6Tc6,0.5803392113917257,0.5581127628078538,0.0222264485838718
Mn6NdPb6,0.2420534547413021,0.3294633276103772,-0.087409872869075
NdW6Ge6,0.0095351738174389,0.1135600145118692,-0.1040248406944303
Pb6Ta6Th,0.3267070108283991,0.4319046571542164,-0.1051976463258173
Pb6Re6Th,0.6096519516199697,0.6714367906585159,-0.0617848390385462
Sn6ThW6,0.2060369415872703,0.3219597258285323,-0.1159227842412619
NpOs6Pb6,0.6366793927833345,0.5988717334661535,0.0378076593171809
Cr6PaSn6,0.1180515533457312,0.0644682105086047,0.0535833428371264
PaRe6Sn6,0.2050390382100394,0.2048874899468381,0.0001515482632012
Mo6NpGe6,-0.0276147938518107,0.1119487858086518,-0.1395635796604625
Nb6NdPb6,0.2022989870189392,0.309984556965147,-0.1076855699462078
Pb6PmTa6,0.3330319893946223,0.3964118337667346,-0.0633798443721123
Pb6PrRe6,0.5994878907442405,0.7072811120789828,-0.1077932213347423
Pb6PmW6,0.907920921939321,0.9056872024223386,0.0022337195169823
Nb6PaPb6,0.3042600689733369,0.29901511604706,0.0052449529262768
Ir6NpPb6,0.25090222144848,0.3250925583902742,-0.0741903369417941
Hf6Pb6Pr,-0.0962951340152445,-0.0036284812588868,-0.0926666527563576
Os6PaSn6,0.0820127800252947,0.0606447551990753,0.0213680248262193
NdRe6Sn6,0.1237191533472952,0.278925986110872,-0.1552068327635767
Re6Sn6Th,0.1342230339080692,0.2723465747511547,-0.1381235408430855
Hf6NpPb6,0.0571711931436639,0.0254534418111163,0.0317177513325475
Pb6ThW6,0.8966281204824196,0.9362122029191422,-0.0395840824367226
NdSn6Ta6,-0.0990468295336134,0.0576708566924261,-0.1567176862260396
NdOs6Pb6,0.466387295099538,0.548031986936198,-0.08164469183666
Pb6PuW6,0.9335416702023014,0.8925765838321887,0.0409650863701126
Mo6Pb6Pm,0.551205209834194,0.534027159286352,0.0171780505478419
Hf6PaSn6,-0.2507982343054384,0.0497370875181006,-0.300535321823539
PrSn6Ta6,-0.097214563020776,0.0599785749794344,-0.1571931380002104
Cr6Sn6Th,0.0746414643385155,0.1593332106076758,-0.0846917462691603
Nb6Pb6Pr,0.2000848088422727,0.3127024317235448,-0.112617622881272
NpRe6Sn6,0.2914378880583858,0.3238248429161871,-0.0323869548578013
NpW6Si6,-0.0144093856194007,0.1975471777572849,-0.2119565633766856
PmSn6W6,0.2293864581546336,0.3449656394071071,-0.1155791812524735
Nb6NpSn6,-0.1010603451056871,0.0493648511783573,-0.1504251962840444
NpSn6Tc6,0.0439273189797174,0.0706790080078097,-0.0267516890280923
Cr6PaPb6,0.4756586703299632,0.4121575212832313,0.0635011490467318
NdPb6Zr6,-0.2923019822515202,-0.0966067941955979,-0.1956951880559223
Nb6Pb6Pm,0.2233226519375189,0.2481140905688898,-0.0247914386313709
Pb6PmTc6,0.4744439551728196,0.4887757264279518,-0.0143317712551322
NpRe6Ge6,0.0675827308216335,0.0999090721614775,-0.032326341339844
Cr6NpPb6,0.5139671170226012,0.4439441396945131,0.070022977328088
PaSn6Tc6,-0.0199916036994424,0.0261907936574195,-0.0461823973568619
Os6PaPb6,0.5295616135188718,0.4982757824830471,0.0312858310358246
Nb6PaSn6,-0.1647616597911722,-0.0312302420597662,-0.1335314177314059
CePb6Re6,0.5821266134248716,0.6706724099757909,-0.0885457965509193
SmSn6W6,0.1918666445466346,0.3163340706970745,-0.1244674261504399
PaPb6Tc6,0.5119258953396757,0.4962212750371601,0.0157046203025155
NpSn6Zr6,-0.3334219930829756,0.1566771874277459,-0.4900991805107215
NdPb6Tc6,0.4311375818295678,0.528363484399537,-0.0972259025699691
Hf6Pb6Pm,-0.0756884524333094,-0.0708479839268528,-0.0048404685064565
Hf6NpSn6,-0.2010554358229228,0.1343441345965125,-0.3353995704194353
PaPb6Zr6,-0.1760791079697401,-0.0877185768431402,-0.0883605311265998
PaW6Ge6,0.0654099039694682,0.1722492146917315,-0.1068393107222633
Hf6Pb6Sm,-0.087604974671873,-0.0064919729086835,-0.0811130017631894
NpTa6Ge6,-0.096577170934496,0.1776076695392706,-0.2741848404737666
Mo6Pb6Th,0.5299511770965538,0.5545909285024169,-0.024639751405863
NpPb6Ru6,0.3731021803608959,0.3418260131177811,0.0312761672431147
NpPb6Zr6,-0.1460765698863086,-0.0642378670410649,-0.0818387028452436
Mn6NpPb6,0.3903865606706358,0.3583440823858699,0.0320424782847659
Hf6Sn6Th,-0.3357430954564113,0.083059188791052,-0.4188022842474633
NdRe6Ge6,-0.1111369651551792,0.0338599604186403,-0.1449969255738195
Os6Pb6Th,0.4705361583579052,0.5111045208334333,-0.0405683624755281
Pb6PmZr6,-0.2769548525388577,-0.15855792985461,-0.1183969226842476
Pb6SmTa6,0.3175697215611848,0.4572220991900301,-0.1396523776288452
Mo6Pb6Sm,0.5161768959383863,0.5752713786472773,-0.0590944827088909
Os6Pb6Pr,0.462178547102867,0.5487552918745913,-0.0865767447717242
CeMo6Pb6,0.4923804481939227,0.5437811571121588,-0.0514007089182361
PrRe6Sn6,0.1274464438164047,0.2831287283541522,-0.1556822845377476
Mo6NdSn6,-0.0773012636426867,0.0407604814882068,-0.1180617451308936
Pb6PrTc6,0.4251320905498363,0.5272900460548696,-0.1021579555050333
AcPb6W6,0.9325763709302864,0.8964306164109457,0.0361457545193407
Sn6Ta6Th,-0.1072380200918974,0.0323963742136509,-0.1396343943055484
PaPb6Ti6,-0.0498775648155873,-0.0089443080079377,-0.0409332568076495
PaPb6Ru6,0.2688882761033015,0.244133937141543,0.0247543389617584
PaSn6Zr6,-0.3667774708148298,0.1045103199450545,-0.4712877907598843
Mo6PaGe6,-0.1415120155311255,0.1080156394859792,-0.2495276550171047
NdOs6Sn6,0.0067391875702808,0.1407295437708395,-0.1339903562005586
Nb6NdSn6,-0.2421728767969546,0.0263625338197977,-0.2685354106167523
NpTa6Si6,-0.1696504306513151,0.313627848196225,-0.4832782788475401
PrW6Ge6,0.0022510698623786,0.1063784829123779,-0.1041274130499993
NpW6Ge6,0.1613917953180937,0.1582670306837148,0.0031247646343788
Pb6PuRe6,0.699696353337631,0.6809320235693419,0.0187643297682891
NdTa6Ge6,-0.293605469268534,0.1077157603582473,-0.4013212296267813
NdSn6Tc6,-0.0791046285062829,0.0704669384275848,-0.1495715669338677
PmRe6Sn6,0.145904469507848,0.2836844073621451,-0.1377799378542971
Mo6NdGe6,-0.1993353310010541,0.0714030661090103,-0.2707383971100644
Mo6PmSn6,-0.0488931250263577,0.0517417251952562,-0.1006348502216139
NpRu6Sn6,-0.0856003533416447,0.0429827138118112,-0.1285830671534559
Nb6Pb6Th,0.224278769321305,0.290888009906381,-0.0666092405850759
Pb6ThZr6,-0.2409958361044415,-0.0884029565074754,-0.152592879596966
PaRe6Ge6,-0.0572053087316675,0.0850851079648186,-0.1422904166964861
CePb6Ta6,0.3257443372562424,0.4577029410944329,-0.1319586038381904
Nb6NpGe6,-0.1868372461313317,0.1552718445238196,-0.3421090906551514
Cr6NdSn6,0.0654264226191226,0.1672014608087741,-0.1017750381896515
Mo6PmGe6,-0.1608365947429735,0.0681383388568418,-0.2289749335998153
Mn6PaPb6,0.3368853296268657,0.311364679623456,0.0255206500034096
Pb6SmW6,0.8769105539786215,0.950949367718372,-0.0740388137397505
PmW6Ge6,0.0570107384613053,0.1432973277662791,-0.0862865893049738
Pb6PmV6,0.2527715386294788,0.2862321135396695,-0.0334605749101907
Hf6Pb6Th,-0.0514877662393637,-0.004829495779202,-0.0466582704601616
NdPb6Ti6,-0.1456764792207263,0.0081873004594079,-0.1538637796801343
Pb6Tc6Th,0.451103871790378,0.5072534449992152,-0.0561495732088372
PuRe6Sn6,0.2710502019003043,0.2937886685448743,-0.02273846664457
CeHf6Pb6,-0.0604460720877678,0.0129731558847668,-0.0734192279725346
Nb6PrSn6,-0.2403210899303539,0.023744163483955,-0.2640652534143089
Nb6PaGe6,-0.3043812003498319,0.1318104869191754,-0.4361916872690073
Mo6Pb6Pu,0.6119678850964717,0.5560584676954994,0.0559094174009722
Nb6PmSn6,-0.2244693571306933,0.0313488221498468,-0.2558181792805402
NpPb6Rh6,-0.0455548048107826,0.1111255960940086,-0.1566804009047912
PuSn6W6,0.3092179688374891,0.3097556788802355,-0.0005377100427464
Hf6PrSn6,-0.348070844029314,0.0992735069481899,-0.4473443509775039
NpOs6Sn6,0.1575469568679094,0.1687174351626927,-0.0111704782947832
Mo6Sn6Th,-0.0630029915834433,0.037975461626959,-0.1009784532104023
PmSn6Ta6,-0.0791002015082769,0.0601905898084831,-0.13929079131676
Sn6Tc6Th,-0.0760002161533212,0.0564880588600553,-0.1324882750133765
Cr6NdPb6,0.3827228590569251,0.432152232882678,-0.0494293738257529
ThW6Ge6,0.0120652454918771,0.1124754881155958,-0.1004102426237187
Hf6NdSn6,-0.3449379050901801,0.1004191590312649,-0.445357064121445
PuW6Ge6,0.1563059786158246,0.1833998343936274,-0.0270938557778028
PaTa6Ge6,-0.2313380314754246,0.136929405612198,-0.3682674370876226
Mo6PrSn6,-0.0794511996652606,0.0390859972398038,-0.1185371969050644
Cr6Pb6Pr,0.3769926478344044,0.4313540745952215,-0.0543614267608171
Hf6Pb6Pu,0.000496058256562,-0.0333948400901117,0.0338908983466737
NpPb6V6,0.3595536524574214,0.356456007528608,0.0030976449288133
Cr6Pb6Pm,0.4089065815413404,0.3754418240522564,0.033464757489084
NdPb6V6,0.227709629552836,0.3440643357778636,-0.1163547062250276
Hf6NpGe6,-0.2947251804567416,0.3143529426094966,-0.6090781230662382
PaPb6V6,0.3046081040589111,0.308032287411454,-0.0034241833525429
Mo6PuSn6,0.0679344295459954,0.0535278085578822,0.0144066209881131
PuSn6Ta6,0.0521954924662144,0.0710124767867377,-0.0188169843205233
AcMo6Pb6,0.6040715701357267,0.5529814845855263,0.0510900855502003
Pb6PuTc6,0.5773177633079052,0.5529181677099071,0.0243995955979981
Ir6NdPb6,0.0875596683401275,0.2455970900787284,-0.1580374217386009
CeSn6W6,0.1876184068289374,0.3229075957630739,-0.1352891889341364
NdSn6Zr6,-0.4719119171400675,0.1281447570726638,-0.6000566742127313
Hf6PaGe6,-0.3902129239438286,0.2811848382506932,-0.6713977621945219
Os6Pb6Pm,0.4951484070915079,0.493898967613331,0.0012494394781768
Cr6PrSn6,0.0637930514822193,0.1660435414460416,-0.1022504899638223
Cr6NpSn6,0.1985659384885718,0.1775210987724479,0.0210448397161238
Os6PrSn6,0.0114187255652714,0.1458845335400009,-0.1344658079747295
PrSn6Tc6,-0.0784903952072343,0.0715566235008043,-0.1500470187080386
PaSn6V6,-0.1164111470832715,-0.0665318476189015,-0.0498792994643699
CeOs6Pb6,0.4525796146225349,0.5199089346104361,-0.0673293199879012
NpSn6V6,-0.0368016863870901,0.0362644267347021,-0.0730661131217922
NdTa6Si6,-0.3251402403023943,0.2491041167597153,-0.5742443570621096
Pb6Re6Sm,0.6059693639489603,0.7022089342905344,-0.0962395703415741
NpPb6Ti6,-0.0255071783269974,0.0089042501992958,-0.0344114285262932
NdSn6V6,-0.1704595797840784,0.0193182954249142,-0.1897778752089926
PrTa6Ge6,-0.2886845239352016,0.1127392780471486,-0.4014238019823502
NdPb6Ru6,0.1960591796507622,0.2842353635614884,-0.0881761839107262
Nb6Pb6Sm,0.2078792491409193,0.3089432210290231,-0.1010639718881038
Mo6PrGe6,-0.1981847160994596,0.0726562533661738,-0.2708409694656334
NpZr6Ge6,-0.385440821478922,0.3639503758212872,-0.7493911973002092
Ta6ThGe6,-0.3147110371636396,0.0797191235885942,-0.3944301607522338
PmTa6Ge6,-0.2655469747017021,0.0858442321614845,-0.3513912068631866
Mo6ThGe6,-0.1911570496877153,0.0711617069274793,-0.2623187566151946
PuTa6Ge6,-0.1491545512481659,0.1544272756297485,-0.3035818268779144
Mo6PuGe6,-0.062521141383711,0.1072610586889332,-0.1697822000726442
PrRe6Ge6,-0.1037518284806199,0.0413476694487686,-0.1450994979293885
PmRe6Ge6,-0.0796590504337068,0.0420786448454899,-0.1217376952791967
Re6ThGe6,-0.1240310008227079,0.0162471308993667,-0.1402781317220746
PuRe6Ge6,0.0490434570135107,0.1115884187655364,-0.0625449617520257
Hf6PmSn6,-0.3251222717640347,0.0703490223051259,-0.3954712940691606
Hf6ThGe6,-0.467108729445344,0.2525765528934938,-0.7196852823388378
Hf6PrGe6,-0.453512727995526,0.2760611153816895,-0.7295738433772155
Hf6NdGe6,-0.4555293646873301,0.2755392352433339,-0.731068599930664
Hf6PmGe6,-0.4272051852522459,0.234669329103547,-0.6618745143557929
Hf6PuSn6,-0.2111968571684599,0.1381369082714232,-0.3493337654398831
Hf6PuGe6,-0.3252174159695165,0.3116144254848021,-0.6368318414543186
Nb6Sn6Th,-0.2491657338015143,0.0069960484678142,-0.2561617822693285
Nb6ThGe6,-0.3752786527609478,0.0924145784946287,-0.4676932312555765
Nb6PrGe6,-0.3557800032385479,0.1222436319483685,-0.4780236351869165
Nb6NdGe6,-0.3633173047836493,0.1146037580476981,-0.4779210628313475
Nb6PmGe6,-0.337938448847244,0.0813770081973273,-0.4193154570445713
Nb6PuSn6,-0.109161575808667,0.0368300404516008,-0.1459916162602678
Nb6PuGe6,-0.2161965373028964,0.1553095397564027,-0.3715060770592991
Nb6Pb6Pu,0.3090141698671599,0.2950742416454005,0.0139399282217593
PmSn6Tc6,-0.0672025686376346,0.0649421033869535,-0.1321446720245881
PaTc6Ge6,-0.2344595855524858,-0.1110547840581079,-0.1234048014943779
Tc6ThGe6,-0.2755713253735774,-0.1585955919777441,-0.1169757333958332
NdTc6Ge6,-0.2660720990656649,-0.14548176759912,-0.1205903314665449
PuSn6Tc6,0.0490649027543056,0.0661681035691666,-0.017103200814861
PrTc6Ge6,-0.2653567759079683,-0.1446638720858544,-0.1206929038221139
NpTc6Ge6,-0.1414274650112595,-0.1225363357474901,-0.0188911292637694
PmTc6Ge6,-0.2494251867017108,-0.1465731066246223,-0.1028520800770884
PuTc6Ge6,-0.1236175787621702,-0.0799582322122527,-0.0436593465499174
Cr6Pb6Th,0.4203264828657587,0.4286795273303797,-0.008353044464621
Cr6PmSn6,0.0843727148508599,0.1687208581312318,-0.0843481432803719
Cr6PaGe6,-0.1457985737119582,0.053874780297645,-0.1996733540096032
Cr6ThGe6,-0.1583227093272807,0.0349215765837782,-0.1932442859110589
Cr6NdGe6,-0.1477590832317693,0.049099800750001,-0.1968588839817703
Cr6Pb6Pu,0.4777624824101215,0.4055663580679071,0.0721961243422143
Cr6PrGe6,-0.1441030089254258,0.0528584474119134,-0.1969614563373392
Cr6PuSn6,0.1905136146813263,0.1598202867519711,0.0306933279293551
Cr6NpGe6,-0.0195115791336753,0.0701976995192857,-0.089709278652961
Cr6PmGe6,-0.121725569106385,0.0573950634859288,-0.1791206325923138
Os6PmSn6,0.020891754702459,0.137455215993738,-0.116563461291279
Os6PrGe6,-0.1776983753337366,-0.0069036525656745,-0.170794722768062
PaZr6Ge6,-0.4559633420353409,0.3144213874359902,-0.7703847294713311
Pb6PuZr6,-0.200841365620446,-0.1267716757324911,-0.0740696898879548
Mn6Pb6Th,0.2822421282259346,0.3285756717338777,-0.0463335435079431
NdOs6Ge6,-0.1835674124585164,-0.0128752620460232,-0.1706921504124931
CeRu6Ge6,-0.4431809231605705,-0.0305518268263694,-0.412629096334201
NpV6Ge6,-0.2597017666784204,0.0201499837362691,-0.2798517504146895
PmSn6V6,-0.1493282743395044,0.0291308217787836,-0.178459096118288
Os6Pb6Pu,0.6039938525518653,0.5640130462205581,0.0399808063313072
Mn6NpSn6,0.020223462744607,0.0371591220718053,-0.0169356593271983
Os6PuGe6,-0.04008409344032,0.0343585339145875,-0.0744426273549075
Os6PuSn6,0.1601121445442714,0.1616341346258233,-0.0015219900815519
Os6PaGe6,-0.1624676580499384,-0.0082795757505704,-0.1541880822993679
PrW6Si6,-0.1183737135068751,0.1704772915246683,-0.2888510050315434
Ru6ThSi6,-0.6170228698711596,0.1581384719320272,-0.7751613418031869
Mn6PaSi6,-0.4687928274588185,-0.0222159245445018,-0.4465769029143166
AcSn6Tc6,-0.0050022752213884,0.0042428264213862,-0.0092451016427746
Ru6ThGe6,-0.4522286869831694,-0.0196467397485472,-0.4325819472346222
CePb6Ru6,0.1873906924737051,0.2612515045356725,-0.0738608120619674
Ir6Sn6Th,-0.3371392403588658,0.0743600137186948,-0.4114992540775606
CeMo6Sn6,-0.0770720852884735,0.0432727726148033,-0.1203448579032768
PrRu6Sn6,-0.2265038142270233,0.058073340008117,-0.2845771542351403
Ru6Sn6Th,-0.2273426055089559,0.0174140810434529,-0.2447566865524088
AcRe6Si6,-0.1744354699674663,0.0334607776999378,-0.2078962476674042
Tc6ThSi6,-0.5182349638311435,0.0508313951892368,-0.5690663590203804
Os6Sn6Th,0.019011949714635,0.1359190139947024,-0.1169070642800674
AcTc6Ge6,-0.1911919830412336,-0.0796338035636626,-0.1115581794775709
AcMn6Sn6,-0.0844845387852615,-0.0850554668433808,0.0005709280581193
AcPb6Re6,0.7059488424778423,0.692003844560325,0.0139449979175172
Ir6PrSn6,-0.3392526769414165,0.0312201768810865,-0.370472853822503
AcRu6Sn6,-0.1926203015474619,-0.050813569720685,-0.1418067318267768
CeZr6Si6,-0.4820118662233334,0.3939728794417048,-0.8759847456650383
CeMo6Si6,-0.2753133218801994,0.1831187597720996,-0.4584320816522991
AcMo6Sn6,0.0084651338332701,-0.0137995863269293,0.0222647201601994
CeMn6Pb6,0.2532268444487897,0.3263213454691059,-0.0730945010203162
Nb6NpSi6,-0.2251991932492114,0.3048444391776889,-0.5300436324269003
Mo6SmGe6,-0.2011830617898405,0.0713736542922633,-0.2725567160821038
NdRu6Ge6,-0.4252753167406776,-0.0062958173189917,-0.4189794994216859
CeNb6Sn6,-0.2426203641256137,0.0329078228365893,-0.275528186962203
CeCr6Sn6,0.067035947592653,0.1710940985546878,-0.1040581509620348
CeCr6Si6,-0.3096310546994308,0.08001056917157,-0.3896416238710009
Mo6SmSn6,-0.0790270142454731,0.0304960808741072,-0.1095230951195803
PaRu6Ge6,-0.4093172637422974,-0.135202674656946,-0.2741145890853513
NdRu6Sn6,-0.2323813899708605,0.0493370238718661,-0.2817184138427266
PaTa6Si6,-0.2649432554334706,0.2680321260800662,-0.5329753815135368
NpOs6Ge6,-0.0504771543355585,-0.0062531473928326,-0.0442240069427258
CeMo6Ge6,-0.2027086680300927,0.057897329543775,-0.2606059975738677
CeRe6Ge6,-0.1317141944725069,0.0031503315651159,-0.1348645260376228
Mo6NpSi6,-0.1617884633649698,0.2469481096466163,-0.4087365730115861
CeCr6Ge6,-0.175509170254181,0.0230201791828509,-0.1985293494370319
AcNb6Pb6,0.2323105800137356,0.2231899836427481,0.0091205963709874
Cr6PuGe6,-0.0868242192913693,0.0331036797737734,-0.1199278990651427
SmSn6V6,-0.177900392353858,0.0008243467991611,-0.1787247391530191
Mn6PuGe6,-0.1817821873931721,-0.0583524140921331,-0.1234297733010389
CeTc6Ge6,-0.2831274852404671,-0.1726695533101188,-0.1104579319303482
AcSn6Ta6,-0.0498358539470576,-0.0479308617761365,-0.001904992170921
Pb6PrZr6,-0.2934358112857379,-0.0953436428757639,-0.1980921684099739
ThV6Ge6,-0.3951007145466653,0.0049227863892388,-0.4000235009359041
Cr6ThSi6,-0.2904688849630562,0.0976278143374342,-0.3880966993004904
AcRe6Sn6,0.2133590048871842,0.2282393723596678,-0.0148803674724836
ThW6Si6,-0.1177760783656826,0.1680752677287442,-0.2858513460944268
CeSn6V6,-0.1740924075314959,0.0240766962684549,-0.1981691037999509
Mn6PaGe6,-0.2935172727755162,-0.0903420445300166,-0.2031752282454995
CeMn6Sn6,-0.1173532689925287,0.0246853810128282,-0.1420386500053569
CePb6V6,0.2267966685904503,0.3288360029667191,-0.1020393343762688
PaV6Ge6,-0.3635645030382127,0.0103698439903327,-0.3739343470285454
Mn6PrGe6,-0.281926409165142,-0.0198127860900532,-0.2621136230750887
Mn6NdGe6,-0.2893725924811401,-0.0003092949398185,-0.2890632975413216
Mn6ThGe6,-0.3012878170902586,-0.0299483695429114,-0.2713394475473471
Mn6Pb6Pm,0.2700999766344694,0.2746157181887075,-0.0045157415542381
Pb6SmTc6,0.4400403599432427,0.5306446644551078,-0.0906043045118651
Ir6NdGe6,-0.448623672067368,0.053088793779187,-0.501712465846555
PuW6Si6,0.0316265449380823,0.2590095350646035,-0.2273829901265212
Ir6PaSn6,-0.2754727987565978,0.1946999830913576,-0.4701727818479554
Ir6PmSi6,-0.7069586680171752,-0.0588269693904927,-0.6481316986266825
PrRe6Si6,-0.2429615482308804,0.130030607846359,-0.3729921560772394
PrRu6Ge6,-0.4190093878132538,-0.0020068647157416,-0.4170025230975122
Ir6PmGe6,-0.42602722215633,-0.1045798504887058,-0.3214473716676241
Ir6NdSn6,-0.3444241991403935,0.0341598850494748,-0.3785840841898683
Cr6SmSi6,-0.2909437171982176,0.093440575173254,-0.3843842923714716
SmTc6Si6,-0.520918657085673,-0.0139908112515537,-0.5069278458341192
NdW6Si6,-0.1110647449192185,0.1777997985567352,-0.2888645434759537
Mn6PuSn6,0.0360628277065805,0.0433499988205474,-0.0072871711139669
Mn6NpGe6,-0.1558260385047877,-0.0626148856159304,-0.0932111528888572
Ir6PaPb6,0.1579917742587064,0.4082352564391611,-0.2502434821804547
Ir6Pb6Th,0.0966531284961969,0.2810861651620076,-0.1844330366658106
Mn6Sn6Th,-0.1041638704245866,0.0185083748878958,-0.1226722453124824
PaRu6Sn6,-0.177550123768923,0.0694488264775051,-0.2469989502464281
PmTa6Si6,-0.2996412191765555,0.2055742169964858,-0.5052154361730413
NpRe6Si6,-0.1109465148247498,0.1167059479076728,-0.2276524627324226
Mn6PmSn6,-0.0973018208595857,0.0250268214641083,-0.122328642323694
PmW6Si6,-0.0684082109460735,0.16043494938378,-0.2288431603298535
NdRe6Si6,-0.2525744720588829,0.1270046677470207,-0.3795791398059036
CeNb6Pb6,0.2144743331278129,0.3078445312252619,-0.093370198097449
CeCr6Pb6,0.3861561019773555,0.4212701039543496,-0.0351140019769941
Mn6NdSn6,-0.1159783701808528,0.0237771670521209,-0.1397555372329737
NpRu6Si6,-0.4442813400103981,0.1627912903397489,-0.607072630350147
Mn6NdSi6,-0.4253080129286476,0.0845055794689353,-0.509813592397583
PmRe6Si6,-0.2250233056101835,-0.0012806870958264,-0.223742618514357
Ir6NpSn6,-0.2242688118733385,0.0704681875197229,-0.2947369993930614
PmRu6Sn6,-0.215767080571581,-0.0177014131127531,-0.1980656674588278
Os6PrSi6,-0.478472050798415,0.0132847712152354,-0.4917568220136504
PaW6Si6,-0.0726649511976561,0.1617860286412824,-0.2344509798389385
Ir6Pb6Pr,0.0829754211200909,0.2329016124913265,-0.1499261913712355
PaRu6Si6,-0.563628695898571,0.0502799798758737,-0.6139086757744447
Ir6PmSn6,-0.3298591411197866,-0.0786894116695918,-0.2511697294501947
Ir6ThGe6,-0.4615011302729794,0.0596362360636724,-0.5211373663366519
Mn6Pb6Pr,0.2373714432514388,0.3297133690555781,-0.0923419258041393
Nb6PaSi6,-0.2944004162527267,0.2820449846907423,-0.5764454009434691
NpTc6Si6,-0.4327446498988234,0.0338453695668697,-0.4665900194656932
CeTa6Si6,-0.313480507941683,0.2701622885092122,-0.5836427964508952
CeV6Si6,-0.4387258121665087,0.1413558481556255,-0.5800816603221343
CeMn6Ge6,-0.3108652168140224,-0.0522907564360619,-0.2585744603779605
Re6SmGe6,-0.1167391941310635,0.0288424348670869,-0.1455816289981504
Mn6PaSn6,-0.0657355511805782,-0.0813383949743825,0.0156028437938043
AcSn6V6,-0.0889499599267717,-0.0250778213337812,-0.0638721385929904
CeZr6Ge6,-0.5344458899485465,0.2797966406450399,-0.8142425305935864
CeV6Ge6,-0.4187300540361025,-0.0219938648601297,-0.3967361891759727
PrSn6Zr6,-0.4741396862122444,0.1265654238391979,-0.6007051100514423
CeTa6Ge6,-0.2911307428690456,0.1000580872215389,-0.3911888300905846
CeTc6Si6,-0.5319205715435155,-0.0424368607232508,-0.4894837108202646
CeRe6Si6,-0.2795658070101953,0.1088231396154134,-0.3883889466256087
CeRe6Sn6,0.1141508149664459,0.2716407605024059,-0.15748994553596
AcMo6Ge6,-0.0945774151014514,0.1431036178988463,-0.2376810330002977
AcRu6Ge6,-0.3658157567420036,-0.1182579989412399,-0.2475577578007637
CeIr6Ge6,-0.4551484030492885,0.0459908088290292,-0.5011392118783178
AcTc6Si6,-0.4584722675210151,0.0079882549355563,-0.4664605224565715
CeSn6Tc6,-0.0884816692998045,0.0633730104064465,-0.151854679706251
CeW6Si6,-0.1236089782599083,0.1611426979903781,-0.2847516762502864
AcRe6Ge6,-0.0169040335517973,0.1135397611278819,-0.1304437946796792
Os6ThGe6,-0.211067211357419,-0.0122244154409676,-0.1988427959164513
AcRu6Si6,-0.5504715086525308,0.0595615236772032,-0.610033032329734
PrRu6Si6,-0.5721525694758,0.1732249829212256,-0.7453775523970256
AcMn6Pb6,0.2476992607863315,0.2183029673382112,0.0293962934481202
CeIr6Pb6,0.0693666308791591,0.2544026715535105,-0.1850360406743514
AcTa6Ge6,-0.20236532637979,0.1508427137331739,-0.353208040112964
CeOs6Sn6,0.0019643300856896,0.1382377990586315,-0.1362734689729419
CeRu6Sn6,-0.2375979026456703,0.0449828179720155,-0.2825807206176858
AcIr6Pb6,0.1071533735738206,0.1006663763476035,0.006486997226217
AcOs6Pb6,0.5081092212678453,0.47294774678731,0.0351614744805353
Mo6NdSi6,-0.2693829983664813,0.201072309606226,-0.4704553079727073
PaRe6Si6,-0.2071554742718007,0.0221949637516413,-0.229350438023442
PaTc6Si6,-0.4699662320059916,0.0128852543637436,-0.4828514863697352
NdTc6Si6,-0.5132830540929398,-0.0117761169522671,-0.5015069371406727
Pb6PrRu6,0.1952352386803332,0.2883434755261236,-0.0931082368457904
Cr6Pb6Sm,0.3883217103131008,0.4311294860807497,-0.0428077757676489
Nb6SmSn6,-0.2383938196749201,0.0197876810086124,-0.2581815006835325
CePb6Tc6,0.4091468357890787,0.492057366510289,-0.0829105307212103
Os6PuSi6,-0.353847945099682,0.022888180074614,-0.376736125174296
CeOs6Si6,-0.5143973538813137,-0.0069783658993785,-0.5074189879819352
Ge6UZr6,-0.4552598427073108,0.3016286505321909,-0.7568884932395017
Ge6Ti6U,-1.4907100742509467,-0.8829382529180312,-0.6077718213329155
Ge6Hf6U,-0.3869959590409593,0.254642915386452,-0.6416388744274113
Ge6Nb6U,-0.4097338584365797,-0.0088017682374606,-0.4009320901991191
Si6UZr6,-0.4416390668258521,0.4209765355892226,-0.8626156024150747
Ge6Ta6U,-0.2418926125767266,0.0857176276453451,-0.3276102402220717
Ge6UW6,-0.2355284858424546,-0.1778796149455007,-0.0576488708969538
Si6Ti6U,-0.4500173193341368,0.2781429966525088,-0.7281603159866457
Hf6Si6U,-0.3482963631368633,0.4272252371766337,-0.775521600313497
Nb6Si6U,-0.34207577473475,0.2181051415445643,-0.5601809162793143
Si6UV6,-0.3800841941497223,0.1254218651209361,-0.5055060592706584
Ge6UV6,-0.4416390668258521,-0.1104179756032164,-0.3312210912226356
Ge6Re6U,-0.1554279357951314,-0.0623279589239547,-0.0930999768711766
Si6Ta6U,-0.2929524341490898,0.216658956589648,-0.5096113907387378
Mo6Si6U,-0.2616983176027273,0.1641703523545684,-0.4258686699572958
Ge6Os6U,-1.4588879784315698,-1.335451062679338,-0.1234369157522316
Ge6Tc6U,-1.4588879784315698,-1.353686410609778,-0.1052015678217917
Ge6Mo6U,-0.2400050898795038,-0.0396678746877085,-0.2003372151917952
Cd6USi6,0.4358458258497611,0.5248848285780569,-0.0890390027282957
Cd6UGe6,0.2431917780983808,0.3272015859007424,-0.0840098078023616
Ge6Ir6U,-0.4072324242431359,-0.0215981859951961,-0.3856342382479397
Ge6Ru6U,-0.4588879784315697,-0.1399579066089524,-0.3189300718226173
Ru6Si6U,-0.509875531590633,0.1456337068507806,-0.6555092384414136
Ge6Rh6U,-0.4907416089372768,0.0500984479721179,-0.5408400569093947
Si6Tc6U,-0.3422215358240029,0.1872835315666961,-0.529505067390699
Si6UW6,-0.1487142768135625,0.1063806245551004,-0.2550949013686629
Pt6Si6U,-0.5381775917649139,0.1733627789780076,-0.7115403707429215
Re6Si6U,-0.3200967353991951,-0.01576066392754,-0.304336071471655
Co6Ge6U,-0.2742009582610291,-0.0117111644052524,-0.2624897938557766
Cr6Ge6U,-0.2435313365494965,-0.0930484223652027,-0.1504829141842937
Ge6Pd6U,-0.6306547954252752,-0.1552717500258671,-0.475383045399408
Ge6Pt6U,-0.5381775917649139,-0.0400027815187552,-0.4981748102461586
Co6Si6U,-0.4881197696333911,0.0840590026565123,-0.5721787722899034
Au6Si6U,-0.3381094032431035,-0.2568669954754016,-0.0812424077677018
Ag6Si6U,0.0032548939169274,0.0860595588849066,-0.0828046649679792
Fe6Si6U,-0.4588879784315697,0.043931484797959,-0.5028194632295288
Cr6Si6U,-0.3464583371623733,-0.0282093392390415,-0.3182489979233317
Mn6Si6U,-0.3849537079581925,0.0643416660207405,-0.449295373978933
Au6Ge6U,-0.3381094032431035,-0.2618961904013357,-0.0762132128417678
Fe6Ge6U,-0.439307792670052,-0.2782942064639465,-0.1610135862061054
Pd6Si6U,-0.5025411025108523,0.077774139719698,-0.5803152422305503
Ge6Mn6U,-0.3651780001198531,-0.2070565839120398,-0.1581214162078132
Ge6Ni6U,-0.429111016407477,-0.1016963646890463,-0.3274146517184307
Ag6Ge6U,0.1764896741702289,0.2542651442122741,-0.0777754700420452
Ni6Si6U,-0.47679001823053,0.0610589027688873,-0.5378489209994174
Os6PmGe6,-0.1592465079653777,-0.0256111470832991,-0.1336353608820785
Mo6PaSi6,-0.2268804748249227,0.1936035245049656,-0.4204839993298884
CeRu6Si6,-0.6061353523828982,0.1449452870788629,-0.7510806394617611
NdOs6Si6,-0.4932172665131287,0.0058496266159797,-0.4990668931291084
NdRu6Si6,-0.5825937581318553,0.1680832427462785,-0.7506770008781338
Os6SmGe6,-0.1885401554034106,-0.0163434642842005,-0.17219669111921
Ir6SmSn6,-0.3422429768993753,0.0275211553477336,-0.3697641322471089
CeW6Ge6,-0.0037177899831693,0.0901746511750643,-0.0938924411582336
Hf6NdSi6,-0.4350370504817752,0.3777012304628303,-0.8127382809446055
Ru6SmSn6,-0.2345958848401903,0.040865094961194,-0.2754609798013844
Ir6NpSi6,-0.5887002366086984,0.1279602153770107,-0.7166604519857092
SmW6Ge6,0.0107070867472294,0.1149485656056462,-0.1042414788584168
Nb6NdSi6,-0.3504352258061767,0.2788128202088631,-0.6292480460150398
PrV6Ge6,-0.3923699401823079,0.0146012208854304,-0.4069711610677383
SmSn6Zr6,-0.4633695528634831,0.1341222429563077,-0.5974917958197908
Cr6PmSi6,-0.2531218676102447,0.0559593946425854,-0.3090812622528301
NdV6Ge6,-0.3984480245473361,0.0084205641648333,-0.4068685887121694
Mn6PmSi6,-0.403773061799051,0.0371960216061806,-0.4409690834052316
Mo6PrSi6,-0.2657297102703867,0.2047120592579103,-0.470441769528297
Ir6PrGe6,-0.4441665565435959,0.0551264162648859,-0.4992929728084818
Mo6PmSi6,-0.2328714927634934,0.18200468705731,-0.4148761798208034
PrTa6Si6,-0.318975441182408,0.2589360421696281,-0.5779114833520361
Pb6SmV6,0.2291447834473398,0.3388778916142634,-0.1097331081669236
PrZr6Ge6,-0.5316354075351069,0.2999410730106696,-0.8315764805457765
PrZr6Si6,-0.4800217350921634,0.406498209218332,-0.8865199443104954
PmV6Ge6,-0.3664667224509591,-0.0094086056468497,-0.3570581168041094
PrSn6V6,-0.1700188779548006,0.0263425648469378,-0.1963614428017384
SmTc6Ge6,-0.270582470295457,-0.1497755006649256,-0.1208069696305313
SmTa6Si6,-0.3246395768489488,0.2550256889066073,-0.5796652657555561
Pb6PmRu6,0.22827862242372,0.2335606750196093,-0.0052820525958893
SmTa6Ge6,-0.2898597370790456,0.112770287646334,-0.4026300247253797
Re6SmSn6,0.1195432524292167,0.2662114351814802,-0.1466681827522635
NdZr6Ge6,-0.5337759159994923,0.2981158065407249,-0.8318917225402171
PmSn6Zr6,-0.4550262858423486,0.0951446183180982,-0.5501709041604469
Os6PmSi6,-0.4770238031192071,-0.1286755134332561,-0.3483482896859509
Os6SmSi6,-0.504934499512969,0.0012589732598475,-0.5061934727728166
Ir6Pb6Pm,0.1211890483951958,0.1486140861713371,-0.0274250377761413
CeHf6Ge6,-0.4571711532097971,0.2580844101069802,-0.7152555633167773
CeSn6Zr6,-0.4512894586434715,0.1267728624546515,-0.578062321098123
CeHf6Sn6,-0.3262012558374225,0.1025025758917547,-0.4287038317291772
Mn6SmSn6,-0.121297860128962,0.0099190270926984,-0.1312168872216604
PmRu6Ge6,-0.4061402698644066,-0.1362384413392182,-0.2699018285251883
PmTc6Si6,-0.4989893904609849,-0.0309609785935064,-0.4680284118674784
SmW6Si6,-0.1158245996371844,0.1784608525322157,-0.2942854521694001
PrV6Si6,-0.4019910398553977,0.1700391309818368,-0.5720301708372345
Hf6SmSi6,-0.4279600909152973,0.3901990987227546,-0.8181591896380519
Hf6PmSi6,-0.4099696657701901,0.3658369075075262,-0.7758065732777163
SmZr6Ge6,-0.5256636242591111,0.3122309251832956,-0.8378945494424067
CeSn6Ta6,-0.0908124053921557,0.0681883936062672,-0.1590007989984229
PmZr6Ge6,-0.5100262390630224,0.26305244891096,-0.7730786879739824
SmZr6Si6,-0.4778873797491179,0.4140670116992342,-0.8919543914483521
Nb6PrSi6,-0.3423840551878018,0.2868504523828277,-0.6292345075706295
Hf6PrSi6,-0.4302735248951148,0.3824512176050804,-0.8127247425001952
SmSn6Ta6,-0.0919731636495118,0.0390337050942762,-0.131006868743788
Mn6PrSn6,-0.1115312943703143,0.0286996946368302,-0.1402309890071445
NdRh6Sn6,-0.56371673834676,-0.0261059126766919,-0.537610825670068
Ir6NdSi6,-0.7240471728701622,0.1159036154131012,-0.8399507882832634
PmRu6Si6,-0.5711286911330612,0.0404722306075798,-0.6116009217406411
Ru6SmSi6,-0.5919989228806037,0.1657473317845704,-0.7577462546651742
Rh6SmGe6,-0.6065016753305377,0.0658680596624283,-0.672369734992966
PmRh6Ge6,-0.5819037125694323,-0.0695311943345236,-0.5123725182349087
PmPt6Ge6,-0.4889882459240646,-0.0434825037468691,-0.4455057421771954
Pt6SmGe6,-0.512203693299376,0.1164426664554617,-0.6286463597548377
Os6SmSn6,0.004343884431234,0.1297955906204794,-0.1254517061892454
Rh6SmSi6,-0.7921878158371035,0.1325811728122444,-0.924768988649348
PmRh6Si6,-0.7708346633673846,-0.0173038043355991,-0.7535308590317854
PrTc6Si6,-0.5096405409483581,-0.0081471422520955,-0.5014933986962625
Fe6NdGe6,-0.2426200075752514,-0.0210501252944219,-0.2215698822808294
NdRh6Ge6,-0.6004782012261628,0.0703288620097321,-0.6708070632358949
Fe6NdSn6,-0.0927217807638899,0.0412375794664178,-0.1339593602303077
Pb6PrRh6,-0.1921701038806472,0.0202920502759111,-0.2124621541565583
CePt6Sn6,-0.5211751062870429,0.139512058589031,-0.6606871648760739
PrPt6Ge6,-0.5038804232910759,0.1282123938019169,-0.6320928170929928
Fe6PrGe6,-0.2336966111719341,0.0018294850562471,-0.2355260962281812
PrRh6Ge6,-0.5930241466422436,0.0752810294730522,-0.6683051761152958
CeOs6Ge6,-0.2049993501825305,-0.0257323154987974,-0.179267034683733
Ir6PrSi6,-0.7141600385299026,0.0615574891574902,-0.7757175276873929
CeFe6Pb6,0.3537836452222255,0.4158817685725273,-0.0620981233503018
PrRh6Si6,-0.7664582684512552,0.1460067918143613,-0.9124650602656166
CePt6Si6,-0.6311490281285865,0.1999856256794774,-0.831134653808064
Pb6PmRh6,-0.1585456382226875,0.0425678643959695,-0.201113502618657
Os6Pb6Sm,0.4687121145970744,0.5437352083756304,-0.075023093778556
NdPb6Rh6,-0.1913369923129015,0.0235916746961965,-0.214928667009098
Fe6NdSi6,-0.4356521460801861,0.1106675789216604,-0.5463197250018466
NdRh6Si6,-0.7811623095008964,0.1368953180255321,-0.9180576275264284
NdV6Si6,-0.4147762795379442,0.1572674297437006,-0.5720437092816448
CePb6Zr6,-0.2551668971422731,-0.0737870809351096,-0.1813798162071634
Nb6PmSi6,-0.3238090425238329,0.2419023061845183,-0.5657113487083513
CeHf6Si6,-0.4316795230557456,0.3690355315684516,-0.8007150546241972
CeNb6Ge6,-0.3688265883861036,0.0989620749090471,-0.4677886632951508
Hf6SmGe6,-0.4471151218538726,0.2878774229742413,-0.7349925448281139
NdZr6Si6,-0.4841011031394832,0.4024323796154224,-0.8865334827549056
Hf6SmSn6,-0.3359661628621299,0.1068260228663746,-0.4427921857285045
Nb6SmGe6,-0.3600846098172136,0.1202575023464734,-0.480342112163687
Cr6NdSi6,-0.2705293769929409,0.1084340066850843,-0.3789633836780252
EuPb6Zr6,-0.2860142955821214,-0.0992795721201533,-0.186734723461968
Pb6PmTi6,-0.1267520504464786,-0.0557824020811812,-0.0709696483652973
PmSn6Ti6,-0.3916427186165411,-0.0102740536825247,-0.3813686649340164
NdTi6Si6,-0.491048837815979,0.2924371422853024,-0.7834859801012815
PrTi6Ge6,-0.5472934702938997,0.1550875017429664,-0.7023809720368662
LaNb6Sn6,-0.2529924762182313,0.0383151923406656,-0.2913076685588969
LaPb6W6,0.8543980200630202,0.953921170538256,-0.0995231504752358
Hf6LaPb6,-0.1096864548593659,-0.0030891163606911,-0.1065973384986747
PrSn6Ti6,-0.4109282342630372,0.012684305869854,-0.4236125401328913
LaW6Ge6,0.0121905153878757,0.1268049967483357,-0.11461448136046
LaW6Si6,-0.1005173021015279,0.1872046216721375,-0.2877219237736654
Pb6PrV6,0.2252095505383325,0.3464963096984244,-0.1212867591600918
Nb6SmSi6,-0.3498245621950913,0.2848443925133949,-0.6346689547084862
PmTi6Ge6,-0.520672595926116,0.1140090470893275,-0.6346816430154436
Cr6EuGe6,-0.0958828483058887,0.0765065637292855,-0.1723894120351742
EuNb6Ge6,-0.278124862757671,0.1775311392954335,-0.4556560020531045
EuSn6Zr6,-0.4574347565593294,0.1379070089861619,-0.5953417655454913
CeNb6Si6,-0.3506263332861021,0.2797818167441534,-0.6304081500302555
PmZr6Si6,-0.4666173468362291,0.4003951023376627,-0.8670124491738918
EuZr6Ge6,-0.5158249045990201,0.2998155087881282,-0.8156404133871483
CePb6Ti6,-0.1310787250223702,0.0084696828090052,-0.1395484078313754
CeTi6Ge6,-0.5567196680362798,0.1313712210022809,-0.6880908890385607
NdTi6Ge6,-0.5504259932252401,0.1534497353650745,-0.7038757285903147
Mn6Pb6Sm,0.2496713179123413,0.3304595927233124,-0.080788274810971
Ge6Nb6Pr,-0.3557800032385479,0.1222436319483685,-0.4780236351869165
Ge6Hf6Pr,-0.453512727995526,0.2760611153816895,-0.7295738433772155
Ge6Hf6Nd,-0.4555293646873301,0.2755392352433339,-0.731068599930664
Ge6Nb6Pm,-0.337938448847244,0.0813770081973273,-0.4193154570445713
Ge6NdW6,0.0095351738174389,0.1135600145118692,-0.1040248406944303
CeSi6Zr6,-0.4820118662233334,0.3939728794417048,-0.8759847456650383
Ge6Mo6Pr,-0.1981847160994596,0.0726562533661738,-0.2708409694656334
NdSi6V6,-0.4147762795379442,0.1572674297437006,-0.5720437092816448
NdSi6Zr6,-0.4841011031394832,0.4024323796154224,-0.8865334827549056
PmSi6Zr6,-0.4666173468362291,0.4003951023376627,-0.8670124491738918
Ge6Hf6Pm,-0.4272051852522459,0.234669329103547,-0.6618745143557929
Ge6Hf6Sm,-0.4471151218538726,0.2878774229742413,-0.7349925448281139
Ge6NdV6,-0.3984480245473361,0.0084205641648333,-0.4068685887121694
CeGe6Zr6,-0.5344458899485465,0.2797966406450399,-0.8142425305935864
Ge6NdZr6,-0.5337759159994923,0.2981158065407249,-0.8318917225402171
CeGe6V6,-0.4187300540361025,-0.0219938648601297,-0.3967361891759727
PrSi6Ta6,-0.318975441182408,0.2589360421696281,-0.5779114833520361
CeGe6Nb6,-0.3688265883861036,0.0989620749090471,-0.4677886632951508
CeSi6V6,-0.4387258121665087,0.1413558481556255,-0.5800816603221343
Ge6Nb6Nd,-0.3633173047836493,0.1146037580476981,-0.4779210628313475
Ge6PmW6,0.0570107384613053,0.1432973277662791,-0.0862865893049738
Ge6PrW6,0.0022510698623786,0.1063784829123779,-0.1041274130499993
Ge6PmTa6,-0.2655469747017021,0.0858442321614845,-0.3513912068631866
Ge6PrRe6,-0.1037518284806199,0.0413476694487686,-0.1450994979293885
Ge6Mo6Nd,-0.1993353310010541,0.0714030661090103,-0.2707383971100644
Ge6PrTa6,-0.2886845239352016,0.1127392780471486,-0.4014238019823502
Ge6NdTa6,-0.293605469268534,0.1077157603582473,-0.4013212296267813
Mn6SmGe6,-0.2991118712996701,-0.0004623792078494,-0.2986494920918207
Cr6SmGe6,-0.1584229292946807,0.038652592851076,-0.1970755221457567
SmSn6Tc6,-0.0823717801251674,0.0586611367973871,-0.1410329169225545
Re6SmSi6,-0.2637431986276149,0.1186789597348068,-0.3824221583624217
Cr6SmSn6,0.0600350933912254,0.1532714815695637,-0.0932363881783382
SmV6Ge6,-0.4019762754985189,0.0061857812794877,-0.4081620567780066
PmV6Si6,-0.3856600866464773,0.1182616939782965,-0.5039217806247738
Pb6SmZr6,-0.2889876567104149,-0.1015666064224046,-0.1874210502880102
NdPt6Sn6,-0.5346837377908243,0.1423829357956797,-0.6770666735865041
Fe6PmSn6,-0.079753854221427,0.036778611099601,-0.116532465321028
PmPt6Sn6,-0.5154713758994409,0.102303842119782,-0.617775218019223
Ir6SmGe6,-0.4499246985751641,0.0354630690221951,-0.4853877675973592
Ir6SmSi6,-0.7257232119129432,0.1206996814739744,-0.8464228933869177
CeFe6Ge6,-0.2694342125908323,-0.0304306733335876,-0.2390035392572446
Pt6SmSn6,-0.5316241650355621,0.149969449121317,-0.6815936141568791
NdPt6Ge6,-0.51325624685196,0.1197326124061551,-0.6329888592581152
CePt6Ge6,-0.4943811976352667,0.131474498040532,-0.6258556956757988
CeFe6Sn6,-0.1052155283466268,0.0310269446560641,-0.1362424730026909
CePb6Pt6,-0.2142672402662384,0.2110854526968,-0.4253526929630384
Rh6SmSn6,-0.5666804088500524,-0.0226155362278501,-0.5440648726222023
PmPt6Si6,-0.6381314204213103,0.0464983367369998,-0.6846297571583102
NdPt6Si6,-0.6550825543175034,0.1806432648333353,-0.8357258191508388
CeIr6Si6,-0.7239494233581397,0.1172723587113049,-0.8412217820694446
Fe6Pb6Pr,0.3738797341677418,0.4552252823018666,-0.0813455481341248
Mn6PmGe6,-0.2680102352036012,-0.0853877283753911,-0.18262250682821
Fe6Pb6Pm,0.407594100898532,0.4011134647827557,0.0064806361157762
Mo6SmSi6,-0.2752707348382749,0.2006054818278788,-0.4758762166661537
Pb6Ru6Sm,0.2037212641184031,0.2852758499710253,-0.0815545858526222
NdSn6Ti6,-0.4120564725828396,0.0189304491070007,-0.4309869216898403
Fe6PrSn6,-0.086683002959638,0.0477518090448405,-0.1344348120044785
PmTi6Si6,-0.4595336490141433,0.268911639936721,-0.7284452889508644
CeRh6Sn6,-0.5530375956099669,-0.0117698399608743,-0.5412677556490926
CeIr6Sn6,-0.3469683225387318,0.0579970178031205,-0.4049653403418523
Mn6PrSi6,-0.4092939805413384,0.0906802770046073,-0.4999742575459457
SmV6Si6,-0.4258357531907535,0.1516288647843376,-0.5774646179750912
PrTi6Si6,-0.4854459515483164,0.2980264901085547,-0.7834724416568711
Ge6NdOs6,-0.1835674124585164,-0.0128752620460232,-0.1706921504124931
Ge6NdTc6,-0.2660720990656649,-0.14548176759912,-0.1205903314665449
Ge6NdRe6,-0.1111369651551792,0.0338599604186403,-0.1449969255738195
Ge6Os6Pm,-0.1592465079653777,-0.0256111470832991,-0.1336353608820785
Ge6PmRe6,-0.0796590504337068,0.0420786448454899,-0.1217376952791967
Cr6Ge6Nd,-0.1477590832317693,0.049099800750001,-0.1968588839817703
Ge6Mo6Pm,-0.1608365947429735,0.0681383388568418,-0.2289749335998153
Ge6Os6Pr,-0.1776983753337366,-0.0069036525656745,-0.170794722768062
Ge6PrTc6,-0.2653567759079683,-0.1446638720858544,-0.1206929038221139
Ge6PrZr6,-0.5316354075351069,0.2999410730106696,-0.8315764805457765
NdSi6Ta6,-0.3251402403023943,0.2491041167597153,-0.5742443570621096
NdSi6Tc6,-0.5132830540929398,-0.0117761169522671,-0.5015069371406727
Ge6PmV6,-0.3664667224509591,-0.0094086056468497,-0.3570581168041094
Cr6Ge6Pr,-0.1441030089254258,0.0528584474119134,-0.1969614563373392
Ge6PrV6,-0.3923699401823079,0.0146012208854304,-0.4069711610677383
PmSi6Tc6,-0.4989893904609849,-0.0309609785935064,-0.4680284118674784
Ge6PmRu6,-0.4061402698644066,-0.1362384413392182,-0.2699018285251883
Ge6PmTc6,-0.2494251867017108,-0.1465731066246223,-0.1028520800770884
Cr6Ge6Pm,-0.121725569106385,0.0573950634859288,-0.1791206325923138
Ge6Ir6Pm,-0.42602722215633,-0.1045798504887058,-0.3214473716676241
Ge6Ir6Pr,-0.4441665565435959,0.0551264162648859,-0.4992929728084818
Ge6NdRu6,-0.4252753167406776,-0.0062958173189917,-0.4189794994216859
NdSi6W6,-0.1110647449192185,0.1777997985567352,-0.2888645434759537
Ge6Ir6Nd,-0.448623672067368,0.053088793779187,-0.501712465846555
Ge6PrRu6,-0.4190093878132538,-0.0020068647157416,-0.4170025230975122
Cd6Sn6U,0.0954254918536507,0.1343749263853858,-0.0389494345317351
Cd6Pb6U,0.1309271814261964,0.1183134064643536,0.0126137749618427
PuSn6V6,-0.057202227179232,0.0093326275505223,-0.0665348547297544
AcSn6W6,0.275181862863059,0.2678614737337191,0.0073203891293398
Nb6ThSi6,-0.3674476893254417,0.2614155361343033,-0.628863225459745
PaV6Si6,-0.4065851244556925,0.1222849255897647,-0.5288700500454573
CeMn6Si6,-0.4618353874169412,0.0509113790480214,-0.5127467664649626
AcNb6Sn6,-0.2027388687390262,-0.0559138380017535,-0.1468250307372726
AcPb6Zr6,-0.2567886994505856,-0.1723038117686963,-0.0844848876818892
Ir6NpGe6,-0.3046372290423464,0.0044364851761354,-0.3090737142184818
Ir6PaGe6,-0.4151007664135143,0.0222861162585188,-0.4373868826720331
AcPb6Ta6,0.354118388531497,0.383586197901251,-0.0294678093697539
AcCr6Sn6,0.1195656335147357,0.0810142064132942,0.0385514271014415
AcHf6Ge6,-0.4014284077517909,0.2484844075523689,-0.6499128153041599
AcNb6Ge6,-0.2991861528471669,0.1219461374471817,-0.4211322902943487
NpOs6Si6,-0.3781432727587704,-0.0040033823921269,-0.3741398903666434
ThZr6Ge6,-0.5352003523863501,0.2873493031698532,-0.8225496555562033
PuRu6Sn6,-0.0786667758198864,0.0293476584603753,-0.1080144342802617
Ir6PuSn6,-0.2044713938461615,-0.008541145991412,-0.1959302478547494
Hf6ThSi6,-0.4516941601005901,0.3584597004196274,-0.8101538605202175
Mn6Pb6Pu,0.3776825716777108,0.3434669463788186,0.0342156252988921
PuV6Ge6,-0.3102009565707402,-0.0009522197519029,-0.3092487368188373
PuZr6Ge6,-0.4171356410883537,0.3473429957668972,-0.764478636855251
Sn6ThZr6,-0.4539152137735993,0.1195866805651503,-0.5735018943387497
Hf6PaSi6,-0.3774137558110394,0.4040006369757614,-0.7814143927868008
Re6ThSi6,-0.2723269687885805,0.1251046596137753,-0.3974316284023558
ThZr6Si6,-0.489221971510294,0.4009065438375187,-0.8901285153478128
AcHf6Pb6,-0.0574481661873846,-0.0865197326832865,0.0290715664959018
Sn6ThV6,-0.1606174263212326,0.0181852727858437,-0.1788026991070763
PaZr6Si6,-0.4102597230555307,0.4573087775761604,-0.8675685006316911
Pb6ThV6,0.2518400712978446,0.3271184481617404,-0.0752783768638957
AcPb6Tc6,0.4816801858451126,0.4620999220978864,0.0195802637472262
PuSn6Zr6,-0.3480961240720728,0.1559372514590965,-0.5040333755311693
AcOs6Ge6,-0.1334763473146737,0.0088651129678872,-0.142341460282561
PuTa6Si6,-0.2014206625101735,0.3322146482613555,-0.533635310771529
Nb6PuSi6,-0.2448101449581514,0.3355905193927377,-0.5804006643508892
Mo6PuSi6,-0.1476614458273071,0.2613123087959677,-0.4089737546232748
Hf6NpSi6,-0.3080844516827804,0.4623803623813731,-0.7704648140641536
PuZr6Si6,-0.4208647244016281,0.4471415807978673,-0.8680063051994954
Mn6ThSi6,-0.4444006136375341,0.0837032092722328,-0.528103822909767
Ir6PaSi6,-0.6546501880353344,0.0096081347676831,-0.6642583228030176
NpZr6Si6,-0.3861596085040162,0.4766387664223229,-0.8627983749263392
Os6PaSi6,-0.4573564358475754,-0.1034003266525395,-0.3539561091950359
Mn6NpSi6,-0.3585781112457974,0.0737747984673209,-0.4323529097131183
AcMn6Ge6,-0.2114171670927825,-0.02008856086409,-0.1913286062286925
AcOs6Sn6,0.0530451656875663,0.0467090565970319,0.0063361090905344
NpRu6Ge6,-0.2719755258917309,-0.0270639529276128,-0.244911572964118
Pb6PuRu6,0.3799150320562876,0.3464657177990466,0.033449314257241
AcMo6Si6,-0.1583827124079113,0.2444741827934677,-0.4028568952013791
AcPb6V6,0.2741010170986092,0.2736495570064415,0.0004514600921676
AcV6Ge6,-0.2908588639969277,0.079235137191386,-0.3700940011883137
AcZr6Ge6,-0.4979898006028476,0.2509099819781213,-0.748899782580969
PuV6Si6,-0.3257182869069405,0.2043558877358274,-0.530074174642768
Mo6ThSi6,-0.2651710529144505,0.2022710576767299,-0.4674421105911804
AcW6Ge6,0.1040950439598272,0.1990877326652835,-0.0949926887054563
Pb6PuV6,0.2916838048882926,0.286413012945353,0.0052707919429395
PuRu6Ge6,-0.2459901645713026,-0.0411677476427976,-0.2048224169285049
AcHf6Sn6,-0.3110099775175209,0.0117133556851222,-0.3227233332026432
AcCr6Pb6,0.4047881383614199,0.3374113458699774,0.0673767924914424
Cr6PaSi6,-0.3195607882028945,0.0271244838730896,-0.3466852720759842
AcPb6Ru6,0.2233009527062939,0.1946709702998248,0.0286299824064691
AcW6Si6,-0.0070489761562446,0.2075537720570866,-0.2146027482133312
Pb6Ru6Th,0.224444165758891,0.2873587032507209,-0.0629145374918299
PuRe6Si6,-0.08734494399317,0.0790360705401056,-0.1663810145332756
Ir6PuGe6,-0.2601868027768957,0.0008602656635625,-0.2610470684404582
Ir6Pb6Pu,0.2525130350636638,0.2270323125698732,0.0254807224937906
Ru6SmGe6,-0.4303487555506284,-0.0090241405860027,-0.4213246149646257
Mn6PuSi6,-0.3384577596323427,0.0845103070474476,-0.4229680666797903
Os6ThSi6,-0.5184916221672412,0.0099149766754355,-0.5284065988426767
Pb6PrTi6,-0.1445371668607643,0.0142586657544341,-0.1587958326151985
PaTi6Si6,-0.4545920938142886,0.2794610146456608,-0.7340531084599494
PaSn6Ti6,-0.3403886928148114,-0.0138906325681263,-0.326498060246685
Sn6ThTi6,-0.4114999726574415,-0.005764587781495,-0.4057353848759464
PaTi6Ge6,-0.5032376036783673,0.1409672871758052,-0.6442048908541725
EuNb6Si6,-0.2583104054413037,0.3528409133691991,-0.6111513188105029
EuTa6Ge6,-0.2090681116429406,0.1688758029718564,-0.3779439146147971
EuHf6Ge6,-0.4355180584571583,0.2764907580990999,-0.7120088165562583
NpTi6Si6,-0.3764430906300661,0.3376059473654729,-0.7140490379955391
Hf6PuSi6,-0.3329970042635018,0.4182597233316712,-0.751256727595173
Ir6ThSi6,-0.7236734672719988,0.1353158557731927,-0.8589893230451915
AcOs6Si6,-0.4676390897597199,-0.1265593975245681,-0.3410796922351517
AcIr6Sn6,-0.3225346073153212,-0.1001028563317422,-0.2224317509835789
NpV6Si6,-0.327126527551685,0.152590615167094,-0.4797171427187791
AcSn6Zr6,-0.4502637268573087,0.038752947824719,-0.4890166746820277
PuRu6Si6,-0.405123434107043,0.1703009371083466,-0.5754243712153897
EuPb6Tc6,0.4490514910109766,0.5373169289869916,-0.0882654379760149
PuTi6Si6,-0.3964736249357066,0.3255308018161423,-0.722004426751849
EuW6Si6,-0.0117051390925006,0.2590626771789162,-0.2707678162714168
EuMo6Si6,-0.1756624123921011,0.2766961683760693,-0.4523585807681704
EuW6Ge6,0.1067607389924948,0.1863161077403291,-0.0795553687478342
EuSn6Ta6,-0.0494567780177047,0.0888867966112846,-0.1383435746289894
NpSn6Ti6,-0.3003803882568591,0.0259522485104065,-0.3263326367672656
EuZr6Si6,-0.45414386285594,0.4220494075555029,-0.876193270411443
Mn6SmSi6,-0.4429159686860767,0.0743203216104526,-0.5172362902965293
Cr6NpSi6,-0.202394710449256,0.0868823958183896,-0.2892771062676457
AcNb6Si6,-0.2880096732681396,0.2634800703327916,-0.5514897436009312
AcV6Si6,-0.2944526469228667,0.2094617457800525,-0.5039143927029193
PuTc6Si6,-0.3572470266435914,0.0254946232033873,-0.3827416498469787
AcHf6Si6,-0.3806064621769499,0.3925045367238492,-0.7731109989007992
Ir6Pb6Sm,0.0944440705113654,0.1981416415442397,-0.1036975710328742
Ta6ThSi6,-0.3488116710066118,0.233286200873773,-0.5820978718803849
SmTi6Ge6,-0.549158910086279,0.1586407634014855,-0.7077996734877646
EuV6Ge6,-0.3053859318532156,0.0780900148142084,-0.3834759466674241
AcZr6Si6,-0.4549519664702385,0.4104925932927462,-0.8654445597629847
AcCr6Ge6,-0.0264295158663095,0.1613972161264867,-0.1878267319927962
Cr6PrSi6,-0.2590857030887762,0.1198641421448387,-0.3789498452336149
ThV6Si6,-0.4219005518434915,0.1566361839081322,-0.5785367357516238
AcTa6Si6,-0.2343430803623538,0.2736766438086451,-0.5080197241709989
AcIr6Ge6,-0.4180410965351932,-0.117208233358924,-0.3008328631762692
CeRh6Si6,-0.769284993511059,0.141071862307767,-0.910356855818826
PmRh6Sn6,-0.5495246375633502,-0.0372331429648261,-0.5122914945985241
Fe6Pb6Sm,0.3771278014749172,0.4469196986158739,-0.0697918971409566
PrRh6Sn6,-0.5564971363186817,-0.0196902770232789,-0.5368068592954027
CePb6Rh6,-0.191232349945257,0.0615123770575537,-0.2527447270028107
Fe6NdPb6,0.377145916232199,0.4535594114312596,-0.0764134951990606
CeSn6Ti6,-0.409482433328716,-0.0219276328227729,-0.387554800505943
Pb6SmTi6,-0.1448208790549559,0.0024213025670743,-0.1472421816220303
Pb6Rh6Sm,-0.1851774376842708,0.0388456527789673,-0.2240230904632381
Fe6PmSi6,-0.4125249017249261,0.048364844690812,-0.4608897464157381
Pb6PmPt6,-0.1877754671322762,0.0866927444504432,-0.2744682115827195
CeFe6Si6,-0.4634524726477976,0.0999016076419437,-0.5633540802897413
Fe6PmGe6,-0.2175944250054824,-0.0279431203913569,-0.1896513046141255
NdPb6Pt6,-0.2267269063672816,0.1892513656430795,-0.4159782720103612
CeRh6Ge6,-0.5924865746269494,0.0597786061297173,-0.6522651807566667
PrPt6Si6,-0.6415932168155638,0.1639886421573502,-0.805581858972914
CeTi6Si6,-0.4896675543694383,0.2818830636316772,-0.7715506180011156
PrPt6Sn6,-0.5286435392345411,0.1464903424066714,-0.6751338816412126
Fe6PrSi6,-0.4204647143293239,0.1210534013343706,-0.5415181156636946
Pb6PrPt6,-0.2267590752380745,0.184261811391322,-0.4110208866293966
SmSn6Ti6,-0.4104495064989241,0.021233522735306,-0.4316830292342302
Fe6SmGe6,-0.2564154282372252,-0.0308068625645231,-0.225608565672702
EuTi6Ge6,-0.4953793194994828,0.1894366257164261,-0.6848159452159089
EuNb6Pb6,0.2429628704100996,0.3416879757623532,-0.0987251053522536
EuSn6Tc6,-0.0365669018998788,0.0946305534369388,-0.1311974553368176
Cr6EuSn6,0.0958307417720509,0.1792316683646523,-0.0834009265926014
SmTi6Si6,-0.4915069736438161,0.2973999151509117,-0.7889068887947278
EuNb6Sn6,-0.1845232174227953,0.0703477451699743,-0.2548709625927696
EuMo6Pb6,0.5715220390553438,0.6282776552283845,-0.0567556161730407
EuHf6Sn6,-0.3296773390825365,0.1109648163716686,-0.4406421554542051
EuSn6Ti6,-0.3781308980551078,0.0511145424203148,-0.4292454404754227
Ge6Mn6Pm,-0.2680102352036012,-0.0853877283753911,0.0
Ge6Mn6Nd,-0.2893725924811401,-0.0003092949398185,0.0
Ge6SmZr6,-0.5256636242591111,0.3122309251832956,0.0
Ge6PmZr6,-0.5100262390630224,0.26305244891096,0.0
Au6NdGe6,-0.0796560872310671,0.113218054250982,-0.1928741414820491
NdPd6Sn6,-0.5691945323026192,0.0437830297015182,-0.6129775620041374
Pd6PrGe6,-0.510152196100592,0.0972921922333854,-0.6074443883339775
Co6PmGe6,-0.3071601279592292,-0.0783340789602076,-0.2288260489990215
Pb6Pd6Pr,-0.3289872494806211,0.0446990381879514,-0.3736862876685726
Au6NdSn6,-0.1937957576738797,0.1300989916506303,-0.32389474932451
CeCo6Ge6,-0.336126000611051,0.0181237912055907,-0.3542497918166417
CeCo6Si6,-0.5441009696085961,0.1033111787287541,-0.6474121483373503
Co6PrGe6,-0.3046768638541834,0.0507237199402279,-0.3554005837944114
NdPd6Si6,-0.5512684615624371,0.1520203710461933,-0.7032888326086305
Co6Pb6Pr,0.2548931716920431,0.3494722663971098,-0.0945790947050666
Co6NdSn6,-0.1536803299709226,0.0431077943588967,-0.1967881243298194
Co6PrSn6,-0.1421617260586556,0.0536430625321763,-0.195804788590832
CePd6Sn6,-0.5584587003761045,0.0371975757679339,-0.5956562761440384
Au6CeSn6,-0.1806573785117524,0.1268601077264078,-0.3075174862381603
Au6SmSn6,-0.1830038440653391,0.1454997391719459,-0.328503583237285
Pd6SmSn6,-0.5646540494858533,0.0494017445845001,-0.6140557940703535
Co6SmSi6,-0.5412616918225214,0.1145307922992917,-0.6557924841218131
Co6NdSi6,-0.5212481590874424,0.1241143136662611,-0.6453624727537035
Pd6PmGe6,-0.4964483077502274,0.0171538404768966,-0.513602148227124
Co6NdGe6,-0.3177571436978085,0.0435499606615774,-0.3613071043593859
Au6NdSi6,-0.006595773963183,0.1869197400789146,-0.1935155140420976
Pd6SmSi6,-0.5595338192983846,0.1442660715976146,-0.7037998908959993
Pd6SmGe6,-0.5143458957723422,0.0884756797197183,-0.6028215754920606
Au6SmSi6,-0.0004697367122693,0.1912236336567741,-0.1916933703690435
NdPd6Ge6,-0.515933959040373,0.0905933943380431,-0.6065273533784161
Au6PrSi6,-0.0061941775406052,0.2062125677826212,-0.2124067453232265
UZn6Ge6,0.1006761612642912,0.1799548863884904,-0.0792787251241992
Sn6UZn6,0.077225780308807,0.1196717125966421,-0.0424459322878351
UZn6Si6,0.1614336415687768,0.2457415616189101,-0.0843079200501332
Pb6UZn6,0.182631454022083,0.202910932075615,-0.0202794780535319
Rh6Si6U,-0.700727550472528,0.108979234730987,0.0
Os6Si6U,-0.355663039332439,0.0704999352969072,0.0
Ir6Si6U,-0.5979751019610153,0.1404982588050544,0.0
